DELETE FROM players;
DELETE FROM teams;
DELETE FROM coaches;
DELETE FROM leagues;

INSERT INTO leagues (id, name) VALUES
(1, 'Super Lig');

INSERT INTO coaches (id, name, preferred_formation) VALUES
(101, 'Galatasaray Coach', 0),
(102, 'Fenerbahçe Coach', 0),
(103, 'Beşiktaş Coach', 0),
(104, 'Trabzonspor Coach', 0),
(105, 'İstanbul Başakşehir Coach', 0),
(106, 'Göztepe Coach', 0),
(107, 'Samsunspor Coach', 0),
(108, 'Çaykur Rizespor Coach', 0),
(109, 'Eyüpspor Coach', 0),
(110, 'Kasımpaşa Coach', 0),
(111, 'Konyaspor Coach', 0),
(112, 'Alanyaspor Coach', 0),
(113, 'Antalyaspor Coach', 0),
(114, 'Gaziantep FK Coach', 0),
(115, 'Kayserispor Coach', 0),
(116, 'Kocaelispor Coach', 0),
(117, 'Gençlerbirliği Coach', 0),
(118, 'Fatih Karagümrük Coach', 0);

INSERT INTO teams (id, league_id, name, transfer_budget, wage_budget, total_budget, coach_id) VALUES
(10, 1, 'Galatasaray', 6000000, 4000000, 10000000, 101),
(20, 1, 'Fenerbahçe', 6000000, 4000000, 10000000, 102),
(30, 1, 'Beşiktaş', 6000000, 4000000, 10000000, 103),
(40, 1, 'Trabzonspor', 6000000, 4000000, 10000000, 104),
(50, 1, 'İstanbul Başakşehir', 6000000, 4000000, 10000000, 105),
(60, 1, 'Göztepe', 6000000, 4000000, 10000000, 106),
(70, 1, 'Samsunspor', 6000000, 4000000, 10000000, 107),
(80, 1, 'Çaykur Rizespor', 6000000, 4000000, 10000000, 108),
(90, 1, 'Eyüpspor', 6000000, 4000000, 10000000, 109),
(100, 1, 'Kasımpaşa', 6000000, 4000000, 10000000, 110),
(110, 1, 'Konyaspor', 6000000, 4000000, 10000000, 111),
(120, 1, 'Alanyaspor', 6000000, 4000000, 10000000, 112),
(130, 1, 'Antalyaspor', 6000000, 4000000, 10000000, 113),
(140, 1, 'Gaziantep FK', 6000000, 4000000, 10000000, 114),
(150, 1, 'Kayserispor', 6000000, 4000000, 10000000, 115),
(160, 1, 'Kocaelispor', 6000000, 4000000, 10000000, 116),
(170, 1, 'Gençlerbirliği', 6000000, 4000000, 10000000, 117),
(180, 1, 'Fatih Karagümrük', 6000000, 4000000, 10000000, 118);

-- Player rows were generated deterministically for full bootstrap coverage.
INSERT INTO players (id, team_id, name, position, age, wage, contract_years, s1, s2, s3, s4, s5) VALUES
(10001, 10, 'Galatasaray Player 1', 'Goalkeeper', 21, 650000, 3, 65, 65, 65, 65, 65),
(10002, 10, 'Galatasaray Player 2', 'LeftBack', 22, 660000, 3, 66, 66, 66, 66, 66),
(10003, 10, 'Galatasaray Player 3', 'CenterBack', 23, 670000, 3, 67, 67, 67, 67, 67),
(10004, 10, 'Galatasaray Player 4', 'CenterBack', 24, 680000, 3, 68, 68, 68, 68, 68),
(10005, 10, 'Galatasaray Player 5', 'RightBack', 25, 690000, 3, 69, 69, 69, 69, 69),
(10006, 10, 'Galatasaray Player 6', 'DefensiveMidfielder', 26, 700000, 3, 70, 70, 70, 70, 70),
(10007, 10, 'Galatasaray Player 7', 'CentralMidfielder', 27, 710000, 3, 71, 71, 71, 71, 71),
(10008, 10, 'Galatasaray Player 8', 'AttackingMidfielder', 28, 720000, 3, 72, 72, 72, 72, 72),
(10009, 10, 'Galatasaray Player 9', 'LeftWinger', 29, 730000, 3, 73, 73, 73, 73, 73),
(10010, 10, 'Galatasaray Player 10', 'RightWinger', 20, 740000, 3, 74, 74, 74, 74, 74),
(10011, 10, 'Galatasaray Player 11', 'Striker', 21, 750000, 3, 75, 75, 75, 75, 75),
(20001, 20, 'Fenerbahçe Player 1', 'Goalkeeper', 21, 650000, 3, 65, 65, 65, 65, 65),
(20002, 20, 'Fenerbahçe Player 2', 'LeftBack', 22, 660000, 3, 66, 66, 66, 66, 66),
(20003, 20, 'Fenerbahçe Player 3', 'CenterBack', 23, 670000, 3, 67, 67, 67, 67, 67),
(20004, 20, 'Fenerbahçe Player 4', 'CenterBack', 24, 680000, 3, 68, 68, 68, 68, 68),
(20005, 20, 'Fenerbahçe Player 5', 'RightBack', 25, 690000, 3, 69, 69, 69, 69, 69),
(20006, 20, 'Fenerbahçe Player 6', 'DefensiveMidfielder', 26, 700000, 3, 70, 70, 70, 70, 70),
(20007, 20, 'Fenerbahçe Player 7', 'CentralMidfielder', 27, 710000, 3, 71, 71, 71, 71, 71),
(20008, 20, 'Fenerbahçe Player 8', 'AttackingMidfielder', 28, 720000, 3, 72, 72, 72, 72, 72),
(20009, 20, 'Fenerbahçe Player 9', 'LeftWinger', 29, 730000, 3, 73, 73, 73, 73, 73),
(20010, 20, 'Fenerbahçe Player 10', 'RightWinger', 20, 740000, 3, 74, 74, 74, 74, 74),
(20011, 20, 'Fenerbahçe Player 11', 'Striker', 21, 750000, 3, 75, 75, 75, 75, 75),
(30001, 30, 'Beşiktaş Player 1', 'Goalkeeper', 21, 650000, 3, 65, 65, 65, 65, 65),
(30002, 30, 'Beşiktaş Player 2', 'LeftBack', 22, 660000, 3, 66, 66, 66, 66, 66),
(30003, 30, 'Beşiktaş Player 3', 'CenterBack', 23, 670000, 3, 67, 67, 67, 67, 67),
(30004, 30, 'Beşiktaş Player 4', 'CenterBack', 24, 680000, 3, 68, 68, 68, 68, 68),
(30005, 30, 'Beşiktaş Player 5', 'RightBack', 25, 690000, 3, 69, 69, 69, 69, 69),
(30006, 30, 'Beşiktaş Player 6', 'DefensiveMidfielder', 26, 700000, 3, 70, 70, 70, 70, 70),
(30007, 30, 'Beşiktaş Player 7', 'CentralMidfielder', 27, 710000, 3, 71, 71, 71, 71, 71),
(30008, 30, 'Beşiktaş Player 8', 'AttackingMidfielder', 28, 720000, 3, 72, 72, 72, 72, 72),
(30009, 30, 'Beşiktaş Player 9', 'LeftWinger', 29, 730000, 3, 73, 73, 73, 73, 73),
(30010, 30, 'Beşiktaş Player 10', 'RightWinger', 20, 740000, 3, 74, 74, 74, 74, 74),
(30011, 30, 'Beşiktaş Player 11', 'Striker', 21, 750000, 3, 75, 75, 75, 75, 75),
(40001, 40, 'Trabzonspor Player 1', 'Goalkeeper', 21, 650000, 3, 65, 65, 65, 65, 65),
(40002, 40, 'Trabzonspor Player 2', 'LeftBack', 22, 660000, 3, 66, 66, 66, 66, 66),
(40003, 40, 'Trabzonspor Player 3', 'CenterBack', 23, 670000, 3, 67, 67, 67, 67, 67),
(40004, 40, 'Trabzonspor Player 4', 'CenterBack', 24, 680000, 3, 68, 68, 68, 68, 68),
(40005, 40, 'Trabzonspor Player 5', 'RightBack', 25, 690000, 3, 69, 69, 69, 69, 69),
(40006, 40, 'Trabzonspor Player 6', 'DefensiveMidfielder', 26, 700000, 3, 70, 70, 70, 70, 70),
(40007, 40, 'Trabzonspor Player 7', 'CentralMidfielder', 27, 710000, 3, 71, 71, 71, 71, 71),
(40008, 40, 'Trabzonspor Player 8', 'AttackingMidfielder', 28, 720000, 3, 72, 72, 72, 72, 72),
(40009, 40, 'Trabzonspor Player 9', 'LeftWinger', 29, 730000, 3, 73, 73, 73, 73, 73),
(40010, 40, 'Trabzonspor Player 10', 'RightWinger', 20, 740000, 3, 74, 74, 74, 74, 74),
(40011, 40, 'Trabzonspor Player 11', 'Striker', 21, 750000, 3, 75, 75, 75, 75, 75),
(50001, 50, 'İstanbul Başakşehir Player 1', 'Goalkeeper', 21, 650000, 3, 65, 65, 65, 65, 65),
(50002, 50, 'İstanbul Başakşehir Player 2', 'LeftBack', 22, 660000, 3, 66, 66, 66, 66, 66),
(50003, 50, 'İstanbul Başakşehir Player 3', 'CenterBack', 23, 670000, 3, 67, 67, 67, 67, 67),
(50004, 50, 'İstanbul Başakşehir Player 4', 'CenterBack', 24, 680000, 3, 68, 68, 68, 68, 68),
(50005, 50, 'İstanbul Başakşehir Player 5', 'RightBack', 25, 690000, 3, 69, 69, 69, 69, 69),
(50006, 50, 'İstanbul Başakşehir Player 6', 'DefensiveMidfielder', 26, 700000, 3, 70, 70, 70, 70, 70),
(50007, 50, 'İstanbul Başakşehir Player 7', 'CentralMidfielder', 27, 710000, 3, 71, 71, 71, 71, 71),
(50008, 50, 'İstanbul Başakşehir Player 8', 'AttackingMidfielder', 28, 720000, 3, 72, 72, 72, 72, 72),
(50009, 50, 'İstanbul Başakşehir Player 9', 'LeftWinger', 29, 730000, 3, 73, 73, 73, 73, 73),
(50010, 50, 'İstanbul Başakşehir Player 10', 'RightWinger', 20, 740000, 3, 74, 74, 74, 74, 74),
(50011, 50, 'İstanbul Başakşehir Player 11', 'Striker', 21, 750000, 3, 75, 75, 75, 75, 75),
(60001, 60, 'Göztepe Player 1', 'Goalkeeper', 21, 650000, 3, 65, 65, 65, 65, 65),
(60002, 60, 'Göztepe Player 2', 'LeftBack', 22, 660000, 3, 66, 66, 66, 66, 66),
(60003, 60, 'Göztepe Player 3', 'CenterBack', 23, 670000, 3, 67, 67, 67, 67, 67),
(60004, 60, 'Göztepe Player 4', 'CenterBack', 24, 680000, 3, 68, 68, 68, 68, 68),
(60005, 60, 'Göztepe Player 5', 'RightBack', 25, 690000, 3, 69, 69, 69, 69, 69),
(60006, 60, 'Göztepe Player 6', 'DefensiveMidfielder', 26, 700000, 3, 70, 70, 70, 70, 70),
(60007, 60, 'Göztepe Player 7', 'CentralMidfielder', 27, 710000, 3, 71, 71, 71, 71, 71),
(60008, 60, 'Göztepe Player 8', 'AttackingMidfielder', 28, 720000, 3, 72, 72, 72, 72, 72),
(60009, 60, 'Göztepe Player 9', 'LeftWinger', 29, 730000, 3, 73, 73, 73, 73, 73),
(60010, 60, 'Göztepe Player 10', 'RightWinger', 20, 740000, 3, 74, 74, 74, 74, 74),
(60011, 60, 'Göztepe Player 11', 'Striker', 21, 750000, 3, 75, 75, 75, 75, 75),
(70001, 70, 'Samsunspor Player 1', 'Goalkeeper', 21, 650000, 3, 65, 65, 65, 65, 65),
(70002, 70, 'Samsunspor Player 2', 'LeftBack', 22, 660000, 3, 66, 66, 66, 66, 66),
(70003, 70, 'Samsunspor Player 3', 'CenterBack', 23, 670000, 3, 67, 67, 67, 67, 67),
(70004, 70, 'Samsunspor Player 4', 'CenterBack', 24, 680000, 3, 68, 68, 68, 68, 68),
(70005, 70, 'Samsunspor Player 5', 'RightBack', 25, 690000, 3, 69, 69, 69, 69, 69),
(70006, 70, 'Samsunspor Player 6', 'DefensiveMidfielder', 26, 700000, 3, 70, 70, 70, 70, 70),
(70007, 70, 'Samsunspor Player 7', 'CentralMidfielder', 27, 710000, 3, 71, 71, 71, 71, 71),
(70008, 70, 'Samsunspor Player 8', 'AttackingMidfielder', 28, 720000, 3, 72, 72, 72, 72, 72),
(70009, 70, 'Samsunspor Player 9', 'LeftWinger', 29, 730000, 3, 73, 73, 73, 73, 73),
(70010, 70, 'Samsunspor Player 10', 'RightWinger', 20, 740000, 3, 74, 74, 74, 74, 74),
(70011, 70, 'Samsunspor Player 11', 'Striker', 21, 750000, 3, 75, 75, 75, 75, 75),
(80001, 80, 'Çaykur Rizespor Player 1', 'Goalkeeper', 21, 650000, 3, 65, 65, 65, 65, 65),
(80002, 80, 'Çaykur Rizespor Player 2', 'LeftBack', 22, 660000, 3, 66, 66, 66, 66, 66),
(80003, 80, 'Çaykur Rizespor Player 3', 'CenterBack', 23, 670000, 3, 67, 67, 67, 67, 67),
(80004, 80, 'Çaykur Rizespor Player 4', 'CenterBack', 24, 680000, 3, 68, 68, 68, 68, 68),
(80005, 80, 'Çaykur Rizespor Player 5', 'RightBack', 25, 690000, 3, 69, 69, 69, 69, 69),
(80006, 80, 'Çaykur Rizespor Player 6', 'DefensiveMidfielder', 26, 700000, 3, 70, 70, 70, 70, 70),
(80007, 80, 'Çaykur Rizespor Player 7', 'CentralMidfielder', 27, 710000, 3, 71, 71, 71, 71, 71),
(80008, 80, 'Çaykur Rizespor Player 8', 'AttackingMidfielder', 28, 720000, 3, 72, 72, 72, 72, 72),
(80009, 80, 'Çaykur Rizespor Player 9', 'LeftWinger', 29, 730000, 3, 73, 73, 73, 73, 73),
(80010, 80, 'Çaykur Rizespor Player 10', 'RightWinger', 20, 740000, 3, 74, 74, 74, 74, 74),
(80011, 80, 'Çaykur Rizespor Player 11', 'Striker', 21, 750000, 3, 75, 75, 75, 75, 75),
(90001, 90, 'Eyüpspor Player 1', 'Goalkeeper', 21, 650000, 3, 65, 65, 65, 65, 65),
(90002, 90, 'Eyüpspor Player 2', 'LeftBack', 22, 660000, 3, 66, 66, 66, 66, 66),
(90003, 90, 'Eyüpspor Player 3', 'CenterBack', 23, 670000, 3, 67, 67, 67, 67, 67),
(90004, 90, 'Eyüpspor Player 4', 'CenterBack', 24, 680000, 3, 68, 68, 68, 68, 68),
(90005, 90, 'Eyüpspor Player 5', 'RightBack', 25, 690000, 3, 69, 69, 69, 69, 69),
(90006, 90, 'Eyüpspor Player 6', 'DefensiveMidfielder', 26, 700000, 3, 70, 70, 70, 70, 70),
(90007, 90, 'Eyüpspor Player 7', 'CentralMidfielder', 27, 710000, 3, 71, 71, 71, 71, 71),
(90008, 90, 'Eyüpspor Player 8', 'AttackingMidfielder', 28, 720000, 3, 72, 72, 72, 72, 72),
(90009, 90, 'Eyüpspor Player 9', 'LeftWinger', 29, 730000, 3, 73, 73, 73, 73, 73),
(90010, 90, 'Eyüpspor Player 10', 'RightWinger', 20, 740000, 3, 74, 74, 74, 74, 74),
(90011, 90, 'Eyüpspor Player 11', 'Striker', 21, 750000, 3, 75, 75, 75, 75, 75),
(100001, 100, 'Kasımpaşa Player 1', 'Goalkeeper', 21, 650000, 3, 65, 65, 65, 65, 65),
(100002, 100, 'Kasımpaşa Player 2', 'LeftBack', 22, 660000, 3, 66, 66, 66, 66, 66),
(100003, 100, 'Kasımpaşa Player 3', 'CenterBack', 23, 670000, 3, 67, 67, 67, 67, 67),
(100004, 100, 'Kasımpaşa Player 4', 'CenterBack', 24, 680000, 3, 68, 68, 68, 68, 68),
(100005, 100, 'Kasımpaşa Player 5', 'RightBack', 25, 690000, 3, 69, 69, 69, 69, 69),
(100006, 100, 'Kasımpaşa Player 6', 'DefensiveMidfielder', 26, 700000, 3, 70, 70, 70, 70, 70),
(100007, 100, 'Kasımpaşa Player 7', 'CentralMidfielder', 27, 710000, 3, 71, 71, 71, 71, 71),
(100008, 100, 'Kasımpaşa Player 8', 'AttackingMidfielder', 28, 720000, 3, 72, 72, 72, 72, 72),
(100009, 100, 'Kasımpaşa Player 9', 'LeftWinger', 29, 730000, 3, 73, 73, 73, 73, 73),
(100010, 100, 'Kasımpaşa Player 10', 'RightWinger', 20, 740000, 3, 74, 74, 74, 74, 74),
(100011, 100, 'Kasımpaşa Player 11', 'Striker', 21, 750000, 3, 75, 75, 75, 75, 75),
(110001, 110, 'Konyaspor Player 1', 'Goalkeeper', 21, 650000, 3, 65, 65, 65, 65, 65),
(110002, 110, 'Konyaspor Player 2', 'LeftBack', 22, 660000, 3, 66, 66, 66, 66, 66),
(110003, 110, 'Konyaspor Player 3', 'CenterBack', 23, 670000, 3, 67, 67, 67, 67, 67),
(110004, 110, 'Konyaspor Player 4', 'CenterBack', 24, 680000, 3, 68, 68, 68, 68, 68),
(110005, 110, 'Konyaspor Player 5', 'RightBack', 25, 690000, 3, 69, 69, 69, 69, 69),
(110006, 110, 'Konyaspor Player 6', 'DefensiveMidfielder', 26, 700000, 3, 70, 70, 70, 70, 70),
(110007, 110, 'Konyaspor Player 7', 'CentralMidfielder', 27, 710000, 3, 71, 71, 71, 71, 71),
(110008, 110, 'Konyaspor Player 8', 'AttackingMidfielder', 28, 720000, 3, 72, 72, 72, 72, 72),
(110009, 110, 'Konyaspor Player 9', 'LeftWinger', 29, 730000, 3, 73, 73, 73, 73, 73),
(110010, 110, 'Konyaspor Player 10', 'RightWinger', 20, 740000, 3, 74, 74, 74, 74, 74),
(110011, 110, 'Konyaspor Player 11', 'Striker', 21, 750000, 3, 75, 75, 75, 75, 75),
(120001, 120, 'Alanyaspor Player 1', 'Goalkeeper', 21, 650000, 3, 65, 65, 65, 65, 65),
(120002, 120, 'Alanyaspor Player 2', 'LeftBack', 22, 660000, 3, 66, 66, 66, 66, 66),
(120003, 120, 'Alanyaspor Player 3', 'CenterBack', 23, 670000, 3, 67, 67, 67, 67, 67),
(120004, 120, 'Alanyaspor Player 4', 'CenterBack', 24, 680000, 3, 68, 68, 68, 68, 68),
(120005, 120, 'Alanyaspor Player 5', 'RightBack', 25, 690000, 3, 69, 69, 69, 69, 69),
(120006, 120, 'Alanyaspor Player 6', 'DefensiveMidfielder', 26, 700000, 3, 70, 70, 70, 70, 70),
(120007, 120, 'Alanyaspor Player 7', 'CentralMidfielder', 27, 710000, 3, 71, 71, 71, 71, 71),
(120008, 120, 'Alanyaspor Player 8', 'AttackingMidfielder', 28, 720000, 3, 72, 72, 72, 72, 72),
(120009, 120, 'Alanyaspor Player 9', 'LeftWinger', 29, 730000, 3, 73, 73, 73, 73, 73),
(120010, 120, 'Alanyaspor Player 10', 'RightWinger', 20, 740000, 3, 74, 74, 74, 74, 74),
(120011, 120, 'Alanyaspor Player 11', 'Striker', 21, 750000, 3, 75, 75, 75, 75, 75),
(130001, 130, 'Antalyaspor Player 1', 'Goalkeeper', 21, 650000, 3, 65, 65, 65, 65, 65),
(130002, 130, 'Antalyaspor Player 2', 'LeftBack', 22, 660000, 3, 66, 66, 66, 66, 66),
(130003, 130, 'Antalyaspor Player 3', 'CenterBack', 23, 670000, 3, 67, 67, 67, 67, 67),
(130004, 130, 'Antalyaspor Player 4', 'CenterBack', 24, 680000, 3, 68, 68, 68, 68, 68),
(130005, 130, 'Antalyaspor Player 5', 'RightBack', 25, 690000, 3, 69, 69, 69, 69, 69),
(130006, 130, 'Antalyaspor Player 6', 'DefensiveMidfielder', 26, 700000, 3, 70, 70, 70, 70, 70),
(130007, 130, 'Antalyaspor Player 7', 'CentralMidfielder', 27, 710000, 3, 71, 71, 71, 71, 71),
(130008, 130, 'Antalyaspor Player 8', 'AttackingMidfielder', 28, 720000, 3, 72, 72, 72, 72, 72),
(130009, 130, 'Antalyaspor Player 9', 'LeftWinger', 29, 730000, 3, 73, 73, 73, 73, 73),
(130010, 130, 'Antalyaspor Player 10', 'RightWinger', 20, 740000, 3, 74, 74, 74, 74, 74),
(130011, 130, 'Antalyaspor Player 11', 'Striker', 21, 750000, 3, 75, 75, 75, 75, 75),
(140001, 140, 'Gaziantep FK Player 1', 'Goalkeeper', 21, 650000, 3, 65, 65, 65, 65, 65),
(140002, 140, 'Gaziantep FK Player 2', 'LeftBack', 22, 660000, 3, 66, 66, 66, 66, 66),
(140003, 140, 'Gaziantep FK Player 3', 'CenterBack', 23, 670000, 3, 67, 67, 67, 67, 67),
(140004, 140, 'Gaziantep FK Player 4', 'CenterBack', 24, 680000, 3, 68, 68, 68, 68, 68),
(140005, 140, 'Gaziantep FK Player 5', 'RightBack', 25, 690000, 3, 69, 69, 69, 69, 69),
(140006, 140, 'Gaziantep FK Player 6', 'DefensiveMidfielder', 26, 700000, 3, 70, 70, 70, 70, 70),
(140007, 140, 'Gaziantep FK Player 7', 'CentralMidfielder', 27, 710000, 3, 71, 71, 71, 71, 71),
(140008, 140, 'Gaziantep FK Player 8', 'AttackingMidfielder', 28, 720000, 3, 72, 72, 72, 72, 72),
(140009, 140, 'Gaziantep FK Player 9', 'LeftWinger', 29, 730000, 3, 73, 73, 73, 73, 73),
(140010, 140, 'Gaziantep FK Player 10', 'RightWinger', 20, 740000, 3, 74, 74, 74, 74, 74),
(140011, 140, 'Gaziantep FK Player 11', 'Striker', 21, 750000, 3, 75, 75, 75, 75, 75),
(150001, 150, 'Kayserispor Player 1', 'Goalkeeper', 21, 650000, 3, 65, 65, 65, 65, 65),
(150002, 150, 'Kayserispor Player 2', 'LeftBack', 22, 660000, 3, 66, 66, 66, 66, 66),
(150003, 150, 'Kayserispor Player 3', 'CenterBack', 23, 670000, 3, 67, 67, 67, 67, 67),
(150004, 150, 'Kayserispor Player 4', 'CenterBack', 24, 680000, 3, 68, 68, 68, 68, 68),
(150005, 150, 'Kayserispor Player 5', 'RightBack', 25, 690000, 3, 69, 69, 69, 69, 69),
(150006, 150, 'Kayserispor Player 6', 'DefensiveMidfielder', 26, 700000, 3, 70, 70, 70, 70, 70),
(150007, 150, 'Kayserispor Player 7', 'CentralMidfielder', 27, 710000, 3, 71, 71, 71, 71, 71),
(150008, 150, 'Kayserispor Player 8', 'AttackingMidfielder', 28, 720000, 3, 72, 72, 72, 72, 72),
(150009, 150, 'Kayserispor Player 9', 'LeftWinger', 29, 730000, 3, 73, 73, 73, 73, 73),
(150010, 150, 'Kayserispor Player 10', 'RightWinger', 20, 740000, 3, 74, 74, 74, 74, 74),
(150011, 150, 'Kayserispor Player 11', 'Striker', 21, 750000, 3, 75, 75, 75, 75, 75),
(160001, 160, 'Kocaelispor Player 1', 'Goalkeeper', 21, 650000, 3, 65, 65, 65, 65, 65),
(160002, 160, 'Kocaelispor Player 2', 'LeftBack', 22, 660000, 3, 66, 66, 66, 66, 66),
(160003, 160, 'Kocaelispor Player 3', 'CenterBack', 23, 670000, 3, 67, 67, 67, 67, 67),
(160004, 160, 'Kocaelispor Player 4', 'CenterBack', 24, 680000, 3, 68, 68, 68, 68, 68),
(160005, 160, 'Kocaelispor Player 5', 'RightBack', 25, 690000, 3, 69, 69, 69, 69, 69),
(160006, 160, 'Kocaelispor Player 6', 'DefensiveMidfielder', 26, 700000, 3, 70, 70, 70, 70, 70),
(160007, 160, 'Kocaelispor Player 7', 'CentralMidfielder', 27, 710000, 3, 71, 71, 71, 71, 71),
(160008, 160, 'Kocaelispor Player 8', 'AttackingMidfielder', 28, 720000, 3, 72, 72, 72, 72, 72),
(160009, 160, 'Kocaelispor Player 9', 'LeftWinger', 29, 730000, 3, 73, 73, 73, 73, 73),
(160010, 160, 'Kocaelispor Player 10', 'RightWinger', 20, 740000, 3, 74, 74, 74, 74, 74),
(160011, 160, 'Kocaelispor Player 11', 'Striker', 21, 750000, 3, 75, 75, 75, 75, 75),
(170001, 170, 'Gençlerbirliği Player 1', 'Goalkeeper', 21, 650000, 3, 65, 65, 65, 65, 65),
(170002, 170, 'Gençlerbirliği Player 2', 'LeftBack', 22, 660000, 3, 66, 66, 66, 66, 66),
(170003, 170, 'Gençlerbirliği Player 3', 'CenterBack', 23, 670000, 3, 67, 67, 67, 67, 67),
(170004, 170, 'Gençlerbirliği Player 4', 'CenterBack', 24, 680000, 3, 68, 68, 68, 68, 68),
(170005, 170, 'Gençlerbirliği Player 5', 'RightBack', 25, 690000, 3, 69, 69, 69, 69, 69),
(170006, 170, 'Gençlerbirliği Player 6', 'DefensiveMidfielder', 26, 700000, 3, 70, 70, 70, 70, 70),
(170007, 170, 'Gençlerbirliği Player 7', 'CentralMidfielder', 27, 710000, 3, 71, 71, 71, 71, 71),
(170008, 170, 'Gençlerbirliği Player 8', 'AttackingMidfielder', 28, 720000, 3, 72, 72, 72, 72, 72),
(170009, 170, 'Gençlerbirliği Player 9', 'LeftWinger', 29, 730000, 3, 73, 73, 73, 73, 73),
(170010, 170, 'Gençlerbirliği Player 10', 'RightWinger', 20, 740000, 3, 74, 74, 74, 74, 74),
(170011, 170, 'Gençlerbirliği Player 11', 'Striker', 21, 750000, 3, 75, 75, 75, 75, 75),
(180001, 180, 'Fatih Karagümrük Player 1', 'Goalkeeper', 21, 650000, 3, 65, 65, 65, 65, 65),
(180002, 180, 'Fatih Karagümrük Player 2', 'LeftBack', 22, 660000, 3, 66, 66, 66, 66, 66),
(180003, 180, 'Fatih Karagümrük Player 3', 'CenterBack', 23, 670000, 3, 67, 67, 67, 67, 67),
(180004, 180, 'Fatih Karagümrük Player 4', 'CenterBack', 24, 680000, 3, 68, 68, 68, 68, 68),
(180005, 180, 'Fatih Karagümrük Player 5', 'RightBack', 25, 690000, 3, 69, 69, 69, 69, 69),
(180006, 180, 'Fatih Karagümrük Player 6', 'DefensiveMidfielder', 26, 700000, 3, 70, 70, 70, 70, 70),
(180007, 180, 'Fatih Karagümrük Player 7', 'CentralMidfielder', 27, 710000, 3, 71, 71, 71, 71, 71),
(180008, 180, 'Fatih Karagümrük Player 8', 'AttackingMidfielder', 28, 720000, 3, 72, 72, 72, 72, 72),
(180009, 180, 'Fatih Karagümrük Player 9', 'LeftWinger', 29, 730000, 3, 73, 73, 73, 73, 73),
(180010, 180, 'Fatih Karagümrük Player 10', 'RightWinger', 20, 740000, 3, 74, 74, 74, 74, 74),
(180011, 180, 'Fatih Karagümrük Player 11', 'Striker', 21, 750000, 3, 75, 75, 75, 75, 75);
