DELETE FROM player_attributes;
DELETE FROM players;
DELETE FROM teams;
DELETE FROM coaches;
DELETE FROM league_matchday_distribution_offsets;
DELETE FROM league_transfer_windows;
DELETE FROM league_rules;
DELETE FROM leagues;

INSERT INTO leagues (id, name) VALUES
(1, 'Super Lig');

INSERT OR IGNORE INTO league_rules (
    league_id,
    league_code,
    league_name,
    team_count,
    matchdays_per_season,
    first_half_rounds,
    preseason_start_month,
    preseason_start_day,
    next_preseason_year_offset,
    next_preseason_start_month,
    next_preseason_start_day,
    kickoff_rule,
    kickoff_month,
    kickoff_day,
    kickoff_weekday,
    kickoff_week_of_month,
    winter_break_enabled,
    winter_break_length_days,
    winter_break_after_round_index,
    match_spacing_days
) VALUES (
    1,
    'TR_SUPER_LIG',
    'Super Lig',
    18,
    34,
    17,
    7,
    1,
    1,
    7,
    1,
    'nth_weekday_of_month',
    8,
    NULL,
    6,
    2,
    1,
    28,
    17,
    7
);

INSERT OR IGNORE INTO league_transfer_windows (
    league_id,
    window_code,
    start_year_offset,
    start_month,
    start_day,
    end_year_offset,
    end_month,
    end_day
) VALUES
(1, 'summer', 0, 7, 1, 0, 9, 1),
(1, 'winter', 1, 1, 1, 1, 2, 1);

INSERT OR IGNORE INTO league_matchday_distribution_offsets (league_id, offset_index, offset_days) VALUES
(1, 0, 0),
(1, 1, 0),
(1, 2, 1),
(1, 3, 1),
(1, 4, 1),
(1, 5, 1),
(1, 6, 2),
(1, 7, 2),
(1, 8, 2);

INSERT INTO coaches (id, name, preferred_formation) VALUES
(101, 'Galatasaray Coach', 0),
(102, 'Fenerbahçe Coach', 0),
(103, 'Beşiktaş Coach', 0),
(104, 'Trabzonspor Coach', 0),
(105, 'İstanbul Başakşehir Coach', 0),
(106, 'Göztepe Coach', 0),
(107, 'Samsunspor Coach', 0),
(108, 'Çaykur Rizespor Coach', 0),
(109, 'Eyüpspor Coach', 0),
(110, 'Kasımpaşa Coach', 0),
(111, 'Konyaspor Coach', 0),
(112, 'Alanyaspor Coach', 0),
(113, 'Antalyaspor Coach', 0),
(114, 'Gaziantep FK Coach', 0),
(115, 'Kayserispor Coach', 0),
(116, 'Kocaelispor Coach', 0),
(117, 'Gençlerbirliği Coach', 0),
(118, 'Fatih Karagümrük Coach', 0);

INSERT INTO teams (id, league_id, name, transfer_budget, wage_budget, total_budget, primary_color, secondary_color, coach_id) VALUES
(10, 1, 'Galatasaray', 6000000, 4000000, 10000000, '#b91c1c', '#facc15', 101),
(20, 1, 'Fenerbahçe', 6000000, 4000000, 10000000, '#facc15', '#172554', 102),
(30, 1, 'Beşiktaş', 6000000, 4000000, 10000000, '#111827', '#f8fafc', 103),
(40, 1, 'Trabzonspor', 6000000, 4000000, 10000000, '#7f1d1d', '#2563eb', 104),
(50, 1, 'İstanbul Başakşehir', 6000000, 4000000, 10000000, '#1d4ed8', '#f97316', 105),
(60, 1, 'Göztepe', 6000000, 4000000, 10000000, '#dc2626', '#facc15', 106),
(70, 1, 'Samsunspor', 6000000, 4000000, 10000000, '#dc2626', '#f8fafc', 107),
(80, 1, 'Çaykur Rizespor', 6000000, 4000000, 10000000, '#16a34a', '#f8fafc', 108),
(90, 1, 'Eyüpspor', 6000000, 4000000, 10000000, '#7e22ce', '#facc15', 109),
(100, 1, 'Kasımpaşa', 6000000, 4000000, 10000000, '#111827', '#f8fafc', 110),
(110, 1, 'Konyaspor', 6000000, 4000000, 10000000, '#16a34a', '#f8fafc', 111),
(120, 1, 'Alanyaspor', 6000000, 4000000, 10000000, '#f97316', '#22c55e', 112),
(130, 1, 'Antalyaspor', 6000000, 4000000, 10000000, '#dc2626', '#f8fafc', 113),
(140, 1, 'Gaziantep FK', 6000000, 4000000, 10000000, '#dc2626', '#111827', 114),
(150, 1, 'Kayserispor', 6000000, 4000000, 10000000, '#facc15', '#dc2626', 115),
(160, 1, 'Kocaelispor', 6000000, 4000000, 10000000, '#16a34a', '#111827', 116),
(170, 1, 'Gençlerbirliği', 6000000, 4000000, 10000000, '#dc2626', '#111827', 117),
(180, 1, 'Fatih Karagümrük', 6000000, 4000000, 10000000, '#dc2626', '#111827', 118);

INSERT INTO players (id, team_id, name, position, age, wage, contract_years, s1, s2, s3, s4, s5) VALUES
(1001, 10, 'Batuhan Şen', 'Goalkeeper', 26, 570000, 3, 57, 57, 57, 57, 57),
(1002, 10, 'Enes Emre Büyük', 'Goalkeeper', 17, 400000, 3, 40, 40, 40, 40, 40),
(1003, 10, 'Günay Güvenç', 'Goalkeeper', 34, 630000, 3, 63, 63, 63, 63, 63),
(1004, 10, 'Uğurcan Çakır', 'Goalkeeper', 29, 830000, 3, 83, 83, 83, 83, 83),
(1005, 10, 'Abdülkerim Bardakcı', 'CenterBack', 30, 790000, 3, 79, 79, 79, 79, 79),
(1006, 10, 'Arda Ünyay', 'CenterBack', 18, 550000, 3, 55, 55, 55, 55, 55),
(1007, 10, 'Carlos Cuesta', 'CenterBack', 26, 720000, 3, 72, 72, 72, 72, 72),
(1008, 10, 'Davinson Sánchez', 'CenterBack', 29, 840000, 3, 84, 84, 84, 84, 84),
(1009, 10, 'Elias Jelert', 'RightBack', 22, 740000, 3, 74, 74, 74, 74, 74),
(1010, 10, 'Eren Elmalı', 'LeftBack', 25, 750000, 3, 75, 75, 75, 75, 75),
(1011, 10, 'Ismail Jakobs', 'LeftBack', 25, 750000, 3, 75, 75, 75, 75, 75),
(1012, 10, 'Kaan Ayhan', 'DefensiveMidfielder', 30, 760000, 3, 76, 76, 76, 76, 76),
(1013, 10, 'Mathias Ross', 'CenterBack', 24, 630000, 3, 63, 63, 63, 63, 63),
(1014, 10, 'Metehan Baltacı', 'CenterBack', 22, 680000, 3, 68, 68, 68, 68, 68),
(1015, 10, 'Renato Nhaga', 'CentralMidfielder', 20, 550000, 3, 55, 55, 55, 55, 55),
(1016, 10, 'Sacha Boey', 'RightBack', 24, 800000, 3, 80, 80, 80, 80, 80),
(1017, 10, 'Victor Nelsson', 'CenterBack', 26, 740000, 3, 74, 74, 74, 74, 74),
(1018, 10, 'Wilfried Singo', 'RightBack', 24, 810000, 3, 81, 81, 81, 81, 81),
(1019, 10, 'Berkan Kutlu', 'DefensiveMidfielder', 27, 670000, 3, 67, 67, 67, 67, 67),
(1020, 10, 'Eyüp Aydın', 'CentralMidfielder', 21, 580000, 3, 58, 58, 58, 58, 58),
(1021, 10, 'Gabriel Sara', 'CentralMidfielder', 26, 840000, 3, 84, 84, 84, 84, 84),
(1022, 10, 'Gökdeniz Gürpüz', 'AttackingMidfielder', 19, 500000, 3, 50, 50, 50, 50, 50),
(1023, 10, 'Lucas Torreira', 'DefensiveMidfielder', 29, 850000, 3, 85, 85, 85, 85, 85),
(1024, 10, 'Mario Lemina', 'DefensiveMidfielder', 31, 770000, 3, 77, 77, 77, 77, 77),
(1025, 10, 'İlkay Gündoğan', 'CentralMidfielder', 34, 800000, 3, 80, 80, 80, 80, 80),
(1026, 10, 'Ahmed Kutucu', 'LeftWinger', 25, 710000, 3, 71, 71, 71, 71, 71),
(1027, 10, 'Baran Demiroğlu', 'Striker', 20, 540000, 3, 54, 54, 54, 54, 54),
(1028, 10, 'Barış Yılmaz', 'LeftWinger', 25, 810000, 3, 81, 81, 81, 81, 81),
(1029, 10, 'Eren Aydın', 'Striker', 22, 570000, 3, 57, 57, 57, 57, 57),
(1030, 10, 'Halil Dervişoğlu', 'Striker', 25, 700000, 3, 70, 70, 70, 70, 70),
(1031, 10, 'Leroy Sané', 'RightWinger', 29, 880000, 3, 88, 88, 88, 88, 88),
(1032, 10, 'Mauro Icardi', 'Striker', 32, 840000, 3, 84, 84, 84, 84, 84),
(1033, 10, 'Nicolò Zaniolo', 'RightWinger', 26, 760000, 3, 76, 76, 76, 76, 76),
(1034, 10, 'Roland Sallai', 'RightWinger', 28, 790000, 3, 79, 79, 79, 79, 79),
(1035, 10, 'Yunus Akgün', 'RightWinger', 25, 790000, 3, 79, 79, 79, 79, 79),
(1036, 10, 'Yusuf Demir', 'RightWinger', 22, 680000, 3, 68, 68, 68, 68, 68),
(1037, 10, 'Victor Osimhen', 'Striker', 26, 920000, 3, 92, 92, 92, 92, 92),
(1038, 20, 'Ederson', 'Goalkeeper', 31, 820000, 3, 82, 82, 82, 82, 82),
(1039, 20, 'Engin Can Biterge', 'Goalkeeper', 18, 390000, 3, 39, 39, 39, 39, 39),
(1040, 20, 'Mert Günok', 'Goalkeeper', 36, 560000, 3, 56, 56, 56, 56, 56),
(1041, 20, 'Tarık Çetin', 'Goalkeeper', 28, 540000, 3, 54, 54, 54, 54, 54),
(1042, 20, 'Archie Brown', 'LeftBack', 23, 760000, 3, 76, 76, 76, 76, 76),
(1043, 20, 'Jayden Oosterwolde', 'CenterBack', 24, 820000, 3, 82, 82, 82, 82, 82),
(1044, 20, 'Levent Mercan', 'LeftBack', 24, 700000, 3, 70, 70, 70, 70, 70),
(1045, 20, 'Mert Müldür', 'RightBack', 26, 740000, 3, 74, 74, 74, 74, 74),
(1046, 20, 'Milan Škriniar', 'CenterBack', 30, 810000, 3, 81, 81, 81, 81, 81),
(1047, 20, 'Nélson Semedo', 'RightBack', 31, 760000, 3, 76, 76, 76, 76, 76),
(1048, 20, 'Yiğit Efe Demir', 'CenterBack', 21, 720000, 3, 72, 72, 72, 72, 72),
(1049, 20, 'Çağlar Söyüncü', 'CenterBack', 29, 730000, 3, 73, 73, 73, 73, 73),
(1050, 20, 'Abdou Aziz Fall', 'CentralMidfielder', 18, 420000, 3, 42, 42, 42, 42, 42),
(1051, 20, 'Edson Álvarez', 'DefensiveMidfielder', 27, 830000, 3, 83, 83, 83, 83, 83),
(1052, 20, 'Fred', 'CentralMidfielder', 32, 750000, 3, 75, 75, 75, 75, 75),
(1053, 20, 'Marco Asensio', 'AttackingMidfielder', 29, 830000, 3, 83, 83, 83, 83, 83),
(1054, 20, 'Mattéo Guendouzi', 'CentralMidfielder', 26, 880000, 3, 88, 88, 88, 88, 88),
(1055, 20, 'Mert Hakan Yandaş', 'AttackingMidfielder', 30, 510000, 3, 51, 51, 51, 51, 51),
(1056, 20, 'N''Golo Kanté', 'DefensiveMidfielder', 34, 730000, 3, 73, 73, 73, 73, 73),
(1057, 20, 'İsmail Yüksek', 'DefensiveMidfielder', 26, 800000, 3, 80, 80, 80, 80, 80),
(1058, 20, 'Anthony Musaba', 'RightWinger', 24, 720000, 3, 72, 72, 72, 72, 72),
(1059, 20, 'Dorgeles Nene', 'RightWinger', 22, 820000, 3, 82, 82, 82, 82, 82),
(1060, 20, 'Emre Mor', 'RightWinger', 28, 540000, 3, 54, 54, 54, 54, 54),
(1061, 20, 'Kerem Aktürkoğlu', 'LeftWinger', 26, 850000, 3, 85, 85, 85, 85, 85),
(1062, 20, 'Oğuz Aydın', 'LeftWinger', 24, 750000, 3, 75, 75, 75, 75, 75),
(1063, 20, 'Sidiki Chérif', 'Striker', 18, 810000, 3, 81, 81, 81, 81, 81),
(1064, 20, 'Talisca', 'Striker', 31, 790000, 3, 79, 79, 79, 79, 79),
(1065, 30, 'Devis Vásquez', 'Goalkeeper', 27, 600000, 3, 60, 60, 60, 60, 60),
(1066, 30, 'Emir Yaşar', 'Goalkeeper', 19, 420000, 3, 42, 42, 42, 42, 42),
(1067, 30, 'Emre Bilgin', 'Goalkeeper', 21, 520000, 3, 52, 52, 52, 52, 52),
(1068, 30, 'Ersin Destanoğlu', 'Goalkeeper', 24, 650000, 3, 65, 65, 65, 65, 65),
(1069, 30, 'Amir Murillo', 'RightBack', 29, 760000, 3, 76, 76, 76, 76, 76),
(1070, 30, 'Emirhan Topçu', 'CenterBack', 24, 730000, 3, 73, 73, 73, 73, 73),
(1071, 30, 'Emmanuel Agbadou', 'CenterBack', 28, 830000, 3, 83, 83, 83, 83, 83),
(1072, 30, 'Felix Uduokhai', 'CenterBack', 27, 690000, 3, 69, 69, 69, 69, 69),
(1073, 30, 'Gökhan Sazdağı', 'RightBack', 30, 600000, 3, 60, 60, 60, 60, 60),
(1074, 30, 'Rıdvan Yılmaz', 'LeftBack', 24, 690000, 3, 69, 69, 69, 69, 69),
(1075, 30, 'Taylan Bulut', 'RightBack', 19, 710000, 3, 71, 71, 71, 71, 71),
(1076, 30, 'Tiago Djaló', 'CenterBack', 25, 740000, 3, 74, 74, 74, 74, 74),
(1077, 30, 'Yasin Özcan', 'LeftBack', 19, 720000, 3, 72, 72, 72, 72, 72),
(1078, 30, 'Junior Olaitan', 'AttackingMidfielder', 23, 710000, 3, 71, 71, 71, 71, 71),
(1079, 30, 'Kartal Yılmaz', 'DefensiveMidfielder', 24, 650000, 3, 65, 65, 65, 65, 65),
(1080, 30, 'Kristjan Asllani', 'DefensiveMidfielder', 23, 800000, 3, 80, 80, 80, 80, 80),
(1081, 30, 'Necip Uysal', 'DefensiveMidfielder', 34, 450000, 3, 45, 45, 45, 45, 45),
(1082, 30, 'Orkun Kökçü', 'CentralMidfielder', 24, 870000, 3, 87, 87, 87, 87, 87),
(1083, 30, 'Salih Uçan', 'CentralMidfielder', 31, 580000, 3, 58, 58, 58, 58, 58),
(1084, 30, 'Wilfred Ndidi', 'DefensiveMidfielder', 28, 790000, 3, 79, 79, 79, 79, 79),
(1085, 30, 'Cengiz Ünder', 'RightWinger', 28, 720000, 3, 72, 72, 72, 72, 72),
(1086, 30, 'Devrim Şahin', 'LeftWinger', 18, 500000, 3, 50, 50, 50, 50, 50),
(1087, 30, 'El Bilal Touré', 'LeftWinger', 23, 810000, 3, 81, 81, 81, 81, 81),
(1088, 30, 'Jota Silva', 'LeftWinger', 26, 790000, 3, 79, 79, 79, 79, 79),
(1089, 30, 'Milot Rashica', 'RightWinger', 29, 690000, 3, 69, 69, 69, 69, 69),
(1090, 30, 'Vaclav Cerny', 'RightWinger', 27, 750000, 3, 75, 75, 75, 75, 75),
(1091, 30, 'Hyeon-gyu Oh', 'Striker', 24, 810000, 3, 81, 81, 81, 81, 81),
(1092, 30, 'Mustafa Hekimoğlu', 'Striker', 18, 720000, 3, 72, 72, 72, 72, 72),
(1093, 40, 'Ahmet Yıldırım', 'Goalkeeper', 18, 390000, 3, 39, 39, 39, 39, 39),
(1094, 40, 'André Onana', 'Goalkeeper', 29, 830000, 3, 83, 83, 83, 83, 83),
(1095, 40, 'Erol Can Çolak', 'Goalkeeper', 19, 390000, 3, 39, 39, 39, 39, 39),
(1096, 40, 'Onuralp Çevikkan', 'Goalkeeper', 19, 570000, 3, 57, 57, 57, 57, 57),
(1097, 40, 'Arda Öztürk', 'CenterBack', 18, 420000, 3, 42, 42, 42, 42, 42),
(1098, 40, 'Arseniy Batagov', 'CenterBack', 23, 760000, 3, 76, 76, 76, 76, 76),
(1099, 40, 'Chibuike Nwaiwu', 'CenterBack', 22, 730000, 3, 73, 73, 73, 73, 73),
(1100, 40, 'Mathias Løvik', 'LeftBack', 21, 690000, 3, 69, 69, 69, 69, 69),
(1101, 40, 'Mustafa Eskihellaç', 'LeftBack', 28, 670000, 3, 67, 67, 67, 67, 67),
(1102, 40, 'Rayyan Baniya', 'CenterBack', 26, 600000, 3, 60, 60, 60, 60, 60),
(1103, 40, 'Stefan Savic', 'CenterBack', 34, 560000, 3, 56, 56, 56, 56, 56),
(1104, 40, 'Taha Emre İnce', 'CenterBack', 18, 420000, 3, 42, 42, 42, 42, 42),
(1105, 40, 'Wagner Pina', 'RightBack', 22, 740000, 3, 74, 74, 74, 74, 74),
(1106, 40, 'Benjamin Bouchouari', 'CentralMidfielder', 23, 730000, 3, 73, 73, 73, 73, 73),
(1107, 40, 'Boran Başkan', 'CentralMidfielder', 19, 420000, 3, 42, 42, 42, 42, 42),
(1108, 40, 'Christ Inao Oulaï', 'CentralMidfielder', 19, 770000, 3, 77, 77, 77, 77, 77),
(1109, 40, 'Ernest Muçi', 'AttackingMidfielder', 24, 760000, 3, 76, 76, 76, 76, 76),
(1110, 40, 'Okay Yokuşlu', 'DefensiveMidfielder', 31, 630000, 3, 63, 63, 63, 63, 63),
(1111, 40, 'Ozan Tufan', 'CentralMidfielder', 30, 610000, 3, 61, 61, 61, 61, 61),
(1112, 40, 'Salih Malkoçoğlu', 'DefensiveMidfielder', 20, 580000, 3, 58, 58, 58, 58, 58),
(1113, 40, 'Tim Jabol-Folcarelli', 'CentralMidfielder', 25, 710000, 3, 71, 71, 71, 71, 71),
(1114, 40, 'Anthony Nwakaeme', 'LeftWinger', 36, 500000, 3, 50, 50, 50, 50, 50),
(1115, 40, 'Cihan Çanak', 'LeftWinger', 20, 670000, 3, 67, 67, 67, 67, 67),
(1116, 40, 'Edin Visca', 'RightWinger', 35, 540000, 3, 54, 54, 54, 54, 54),
(1117, 40, 'Kazeem Olaigbe', 'LeftWinger', 22, 710000, 3, 71, 71, 71, 71, 71),
(1118, 40, 'Oleksandr Zubkov', 'RightWinger', 29, 750000, 3, 75, 75, 75, 75, 75),
(1119, 40, 'Felipe Augusto', 'Striker', 21, 720000, 3, 72, 72, 72, 72, 72),
(1120, 40, 'Paul Onuachu', 'Striker', 31, 730000, 3, 73, 73, 73, 73, 73),
(1121, 40, 'Umut Nayir', 'Striker', 32, 550000, 3, 55, 55, 55, 55, 55),
(1122, 50, 'Doğan Alemdar', 'Goalkeeper', 22, 600000, 3, 60, 60, 60, 60, 60),
(1123, 50, 'Luca Stancic', 'Goalkeeper', 18, 390000, 3, 39, 39, 39, 39, 39),
(1124, 50, 'Muhammed Şengezer', 'Goalkeeper', 28, 650000, 3, 65, 65, 65, 65, 65),
(1125, 50, 'Volkan Babacan', 'Goalkeeper', 36, 420000, 3, 42, 42, 42, 42, 42),
(1126, 50, 'Christopher Operi', 'LeftBack', 28, 690000, 3, 69, 69, 69, 69, 69),
(1127, 50, 'Festy Ebosele', 'RightBack', 23, 700000, 3, 70, 70, 70, 70, 70),
(1128, 50, 'Hamza Güreler', 'CenterBack', 19, 630000, 3, 63, 63, 63, 63, 63),
(1129, 50, 'Jerome Opoku', 'CenterBack', 26, 710000, 3, 71, 71, 71, 71, 71),
(1130, 50, 'Léo Duarte', 'CenterBack', 29, 650000, 3, 65, 65, 65, 65, 65),
(1131, 50, 'Onur Bulut', 'RightBack', 31, 550000, 3, 55, 55, 55, 55, 55),
(1132, 50, 'Ousseynou Ba', 'CenterBack', 29, 620000, 3, 62, 62, 62, 62, 62),
(1133, 50, 'Ömer Ali Şahiner', 'RightBack', 33, 470000, 3, 47, 47, 47, 47, 47),
(1134, 50, 'Abbosbek Fayzullaev', 'AttackingMidfielder', 21, 740000, 3, 74, 74, 74, 74, 74),
(1135, 50, 'Amine Harit', 'AttackingMidfielder', 28, 750000, 3, 75, 75, 75, 75, 75),
(1136, 50, 'Berat Özdemir', 'DefensiveMidfielder', 27, 680000, 3, 68, 68, 68, 68, 68),
(1137, 50, 'Jakub Kaluzinski', 'DefensiveMidfielder', 22, 690000, 3, 69, 69, 69, 69, 69),
(1138, 50, 'Miguel Crespo', 'CentralMidfielder', 28, 670000, 3, 67, 67, 67, 67, 67),
(1139, 50, 'Mohamed Hassan Fofana', 'CentralMidfielder', 20, 400000, 3, 40, 40, 40, 40, 40),
(1140, 50, 'Olivier Kemen', 'CentralMidfielder', 29, 650000, 3, 65, 65, 65, 65, 65),
(1141, 50, 'Onur Ergün', 'DefensiveMidfielder', 32, 470000, 3, 47, 47, 47, 47, 47),
(1142, 50, 'Umut Güneş', 'CentralMidfielder', 25, 640000, 3, 64, 64, 64, 64, 64),
(1143, 50, 'Berkay Aslan', 'LeftWinger', 18, 460000, 3, 46, 46, 46, 46, 46),
(1144, 50, 'Hamza Ljukovac', 'LeftWinger', 20, 420000, 3, 42, 42, 42, 42, 42),
(1145, 50, 'Ivan Brnic', 'LeftWinger', 23, 630000, 3, 63, 63, 63, 63, 63),
(1146, 50, 'Yusuf Sarı', 'RightWinger', 26, 680000, 3, 68, 68, 68, 68, 68),
(1147, 50, 'Bertuğ Yıldırım', 'Striker', 23, 640000, 3, 64, 64, 64, 64, 64),
(1148, 50, 'Davie Selke', 'Striker', 30, 670000, 3, 67, 67, 67, 67, 67),
(1149, 50, 'Eldor Shomurodov', 'Striker', 30, 720000, 3, 72, 72, 72, 72, 72),
(1150, 50, 'Nuno Da Costa', 'Striker', 34, 520000, 3, 52, 52, 52, 52, 52),
(1151, 60, 'Ekrem Kılıçarslan', 'Goalkeeper', 27, 470000, 3, 47, 47, 47, 47, 47),
(1152, 60, 'Mateusz Lis', 'Goalkeeper', 28, 630000, 3, 63, 63, 63, 63, 63),
(1153, 60, 'Nevzat Üzel', 'Goalkeeper', 18, 390000, 3, 39, 39, 39, 39, 39),
(1154, 60, 'Şamil Öztürk', 'Goalkeeper', 20, 420000, 3, 42, 42, 42, 42, 42),
(1155, 60, 'Allan Godói', 'CenterBack', 32, 440000, 3, 44, 44, 44, 44, 44),
(1156, 60, 'Ege Yıldırım', 'CenterBack', 18, 400000, 3, 40, 40, 40, 40, 40),
(1157, 60, 'Furkan Bayır', 'CenterBack', 25, 600000, 3, 60, 60, 60, 60, 60),
(1158, 60, 'Héliton', 'CenterBack', 29, 580000, 3, 58, 58, 58, 58, 58),
(1159, 60, 'Malcom Bokele', 'CenterBack', 25, 680000, 3, 68, 68, 68, 68, 68),
(1160, 60, 'Taha Altıkardeş', 'CenterBack', 21, 720000, 3, 72, 72, 72, 72, 72),
(1161, 60, 'Alexis Antunes', 'AttackingMidfielder', 25, 620000, 3, 62, 62, 62, 62, 62),
(1162, 60, 'Amin Cherni', 'LeftMidfielder', 24, 630000, 3, 63, 63, 63, 63, 63),
(1163, 60, 'Anthony Dennis', 'DefensiveMidfielder', 21, 720000, 3, 72, 72, 72, 72, 72),
(1164, 60, 'Arda Okan Kurtulan', 'RightMidfielder', 22, 650000, 3, 65, 65, 65, 65, 65),
(1165, 60, 'Efkan Bekiroğlu', 'AttackingMidfielder', 29, 590000, 3, 59, 59, 59, 59, 59),
(1166, 60, 'Furkan Malak', 'CentralMidfielder', 20, 390000, 3, 39, 39, 39, 39, 39),
(1167, 60, 'Junior Olaitan', 'AttackingMidfielder', 23, 590000, 3, 59, 59, 59, 59, 59),
(1168, 60, 'Novatus Miroshi', 'DefensiveMidfielder', 22, 630000, 3, 63, 63, 63, 63, 63),
(1169, 60, 'Ogün Bayrak', 'RightMidfielder', 26, 560000, 3, 56, 56, 56, 56, 56),
(1170, 60, 'Rhaldney', 'CentralMidfielder', 26, 580000, 3, 58, 58, 58, 58, 58),
(1171, 60, 'Uğur Kaan Yıldız', 'RightMidfielder', 23, 550000, 3, 55, 55, 55, 55, 55),
(1172, 60, 'İsmail Köybaşı', 'LeftMidfielder', 36, 440000, 3, 44, 44, 44, 44, 44),
(1173, 60, 'Guilherme Luiz', 'Striker', 20, 490000, 3, 49, 49, 49, 49, 49),
(1174, 60, 'Ibrahim Sabra', 'Striker', 19, 500000, 3, 50, 50, 50, 50, 50),
(1175, 60, 'Janderson', 'Striker', 26, 680000, 3, 68, 68, 68, 68, 68),
(1176, 60, 'Jeh', 'Striker', 25, 550000, 3, 55, 55, 55, 55, 55),
(1177, 60, 'Juan', 'Striker', 23, 690000, 3, 69, 69, 69, 69, 69),
(1178, 70, 'Efe Törüz', 'Goalkeeper', 18, 460000, 3, 46, 46, 46, 46, 46),
(1179, 70, 'Halil Yeral', 'Goalkeeper', 25, 690000, 3, 69, 69, 69, 69, 69),
(1180, 70, 'Okan Koçuk', 'Goalkeeper', 30, 720000, 3, 72, 72, 72, 72, 72),
(1181, 70, 'Taha Tosun', 'Goalkeeper', 20, 520000, 3, 52, 52, 52, 52, 52),
(1182, 70, 'Timur Bülbül', 'Goalkeeper', 18, 460000, 3, 46, 46, 46, 46, 46),
(1183, 70, 'Ali Tarkan', 'CenterBack', 19, 490000, 3, 49, 49, 49, 49, 49),
(1184, 70, 'Bedirhan Çetin', 'CenterBack', 19, 490000, 3, 49, 49, 49, 49, 49),
(1185, 70, 'Berat Efe Eser', 'CenterBack', 18, 460000, 3, 46, 46, 46, 46, 46),
(1186, 70, 'Elano Yegen', 'CenterBack', 22, 600000, 3, 60, 60, 60, 60, 60),
(1187, 70, 'Kerem Fidan', 'CenterBack', 19, 490000, 3, 49, 49, 49, 49, 49),
(1188, 70, 'Marc Bola', 'LeftBack', 27, 710000, 3, 71, 71, 71, 71, 71),
(1189, 70, 'Nanu', 'RightBack', 31, 700000, 3, 70, 70, 70, 70, 70),
(1190, 70, 'Rick van Drongelen', 'CenterBack', 26, 720000, 3, 72, 72, 72, 72, 72),
(1191, 70, 'Soner Gönül', 'LeftBack', 28, 730000, 3, 73, 73, 73, 73, 73),
(1192, 70, 'Yunus Çift', 'CenterBack', 21, 560000, 3, 56, 56, 56, 56, 56),
(1193, 70, 'Zeki Yavru', 'RightBack', 33, 630000, 3, 63, 63, 63, 63, 63),
(1194, 70, 'Ľubomír Šatka', 'CenterBack', 29, 710000, 3, 71, 71, 71, 71, 71),
(1195, 70, 'Alper Pazar', 'CentralMidfielder', 20, 530000, 3, 53, 53, 53, 53, 53),
(1196, 70, 'Carlo Holse', 'RightWinger', 26, 770000, 3, 77, 77, 77, 77, 77),
(1197, 70, 'Celil Yüksel', 'DefensiveMidfielder', 27, 640000, 3, 64, 64, 64, 64, 64),
(1198, 70, 'Eyüp Değirmenci', 'CentralMidfielder', 18, 470000, 3, 47, 47, 47, 47, 47),
(1199, 70, 'Flavien Tait', 'AttackingMidfielder', 32, 720000, 3, 72, 72, 72, 72, 72),
(1200, 70, 'Mehmet Kablan', 'CentralMidfielder', 18, 470000, 3, 47, 47, 47, 47, 47),
(1201, 70, 'Muhammet Ali Özbaskıcı', 'CentralMidfielder', 19, 500000, 3, 50, 50, 50, 50, 50),
(1202, 70, 'Olivier Ntcham', 'CentralMidfielder', 29, 750000, 3, 75, 75, 75, 75, 75),
(1203, 70, 'Soner Aydoğdu', 'AttackingMidfielder', 34, 630000, 3, 63, 63, 63, 63, 63),
(1204, 70, 'Youssef Aït Bennasser', 'DefensiveMidfielder', 29, 730000, 3, 73, 73, 73, 73, 73),
(1205, 70, 'Arbnor Muja', 'RightWinger', 26, 700000, 3, 70, 70, 70, 70, 70),
(1206, 70, 'Emre Köroğlu', 'Striker', 19, 510000, 3, 51, 51, 51, 51, 51),
(1207, 70, 'Emre Kılınç', 'LeftWinger', 30, 710000, 3, 71, 71, 71, 71, 71),
(1208, 70, 'Kingsley Schindler', 'RightWinger', 32, 670000, 3, 67, 67, 67, 67, 67),
(1209, 70, 'Landry Dimata', 'Striker', 27, 690000, 3, 69, 69, 69, 69, 69),
(1210, 70, 'Marius Mouandilmadji', 'Striker', 27, 730000, 3, 73, 73, 73, 73, 73),
(1211, 80, 'Canberk Yurdakul', 'Goalkeeper', 24, 660000, 3, 66, 66, 66, 66, 66),
(1212, 80, 'Efe Doğan', 'Goalkeeper', 20, 510000, 3, 51, 51, 51, 51, 51),
(1213, 80, 'Erdem Canpolat', 'Goalkeeper', 24, 670000, 3, 67, 67, 67, 67, 67),
(1214, 80, 'Zafer Görgen', 'Goalkeeper', 25, 680000, 3, 68, 68, 68, 68, 68),
(1215, 80, 'Anıl Yaşar', 'RightBack', 23, 630000, 3, 63, 63, 63, 63, 63),
(1216, 80, 'Attila Mocsi', 'CenterBack', 25, 720000, 3, 72, 72, 72, 72, 72),
(1217, 80, 'Aziz Aksoy', 'CenterBack', 25, 680000, 3, 68, 68, 68, 68, 68),
(1218, 80, 'Casper Højer Nielsen', 'LeftBack', 30, 710000, 3, 71, 71, 71, 71, 71),
(1219, 80, 'Eren Aydın', 'CenterBack', 20, 570000, 3, 57, 57, 57, 57, 57),
(1220, 80, 'Habil Özbakır', 'CenterBack', 20, 510000, 3, 51, 51, 51, 51, 51),
(1221, 80, 'Hüseyincan Kırıkcı', 'CenterBack', 21, 550000, 3, 55, 55, 55, 55, 55),
(1222, 80, 'Khusniddin Aliqulov', 'CenterBack', 26, 720000, 3, 72, 72, 72, 72, 72),
(1223, 80, 'Mustafa Şengül', 'CenterBack', 26, 700000, 3, 70, 70, 70, 70, 70),
(1224, 80, 'Samet Akaydın', 'CenterBack', 31, 690000, 3, 69, 69, 69, 69, 69),
(1225, 80, 'Taha Şahin', 'RightBack', 24, 720000, 3, 72, 72, 72, 72, 72),
(1226, 80, 'Dal Varešanović', 'AttackingMidfielder', 24, 700000, 3, 70, 70, 70, 70, 70),
(1227, 80, 'Efe Geçim', 'CentralMidfielder', 20, 520000, 3, 52, 52, 52, 52, 52),
(1228, 80, 'Emirhan Yılmaz', 'CentralMidfielder', 21, 560000, 3, 56, 56, 56, 56, 56),
(1229, 80, 'Giannis Papanikolaou', 'DefensiveMidfielder', 26, 710000, 3, 71, 71, 71, 71, 71),
(1230, 80, 'Ibrahim Olawoyin', 'RightWinger', 27, 750000, 3, 75, 75, 75, 75, 75),
(1231, 80, 'Mithat Pala', 'DefensiveMidfielder', 24, 650000, 3, 65, 65, 65, 65, 65),
(1232, 80, 'Muhamed Buljubašić', 'CentralMidfielder', 21, 660000, 3, 66, 66, 66, 66, 66),
(1233, 80, 'Ozan Koç', 'AttackingMidfielder', 24, 670000, 3, 67, 67, 67, 67, 67),
(1234, 80, 'Altin Zeqiri', 'Striker', 25, 690000, 3, 69, 69, 69, 69, 69),
(1235, 80, 'Benhur Keser', 'RightWinger', 28, 620000, 3, 62, 62, 62, 62, 62),
(1236, 80, 'Doğanay Avcı', 'RightWinger', 19, 500000, 3, 50, 50, 50, 50, 50),
(1237, 80, 'Efe Tecimer', 'Striker', 22, 610000, 3, 61, 61, 61, 61, 61),
(1238, 80, 'Emrecan Bulut', 'Striker', 22, 650000, 3, 65, 65, 65, 65, 65),
(1239, 80, 'Furkan Orak', 'LeftWinger', 24, 680000, 3, 68, 68, 68, 68, 68),
(1240, 80, 'Güvenç Usta', 'Striker', 21, 570000, 3, 57, 57, 57, 57, 57),
(1241, 80, 'Halil Dervişoğlu', 'Striker', 25, 700000, 3, 70, 70, 70, 70, 70),
(1242, 80, 'Remzi Kolcuoğlu', 'Striker', 21, 570000, 3, 57, 57, 57, 57, 57),
(1243, 80, 'Václav Jurečka', 'Striker', 31, 730000, 3, 73, 73, 73, 73, 73),
(1244, 90, 'Berke Özer', 'Goalkeeper', 25, 750000, 3, 75, 75, 75, 75, 75),
(1245, 90, 'Burak Diker', 'Goalkeeper', 20, 520000, 3, 52, 52, 52, 52, 52),
(1246, 90, 'Cengiz Köseer', 'Goalkeeper', 22, 600000, 3, 60, 60, 60, 60, 60),
(1247, 90, 'Halil Yeral', 'Goalkeeper', 25, 690000, 3, 69, 69, 69, 69, 69),
(1248, 90, 'Ahmet Özkaya', 'RightBack', 20, 520000, 3, 52, 52, 52, 52, 52),
(1249, 90, 'Emir Ortakaya', 'CenterBack', 21, 560000, 3, 56, 56, 56, 56, 56),
(1250, 90, 'Fethi Özer', 'CenterBack', 28, 730000, 3, 73, 73, 73, 73, 73),
(1251, 90, 'Luccas Claro', 'CenterBack', 33, 680000, 3, 68, 68, 68, 68, 68),
(1252, 90, 'Muhammet Yeşil', 'CenterBack', 24, 670000, 3, 67, 67, 67, 67, 67),
(1253, 90, 'Mustafa Damar', 'CenterBack', 21, 560000, 3, 56, 56, 56, 56, 56),
(1254, 90, 'Nihad Mujakić', 'CenterBack', 27, 700000, 3, 70, 70, 70, 70, 70),
(1255, 90, 'Talha Ülvan', 'RightBack', 24, 670000, 3, 67, 67, 67, 67, 67),
(1256, 90, 'Umut Meraş', 'LeftBack', 29, 670000, 3, 67, 67, 67, 67, 67),
(1257, 90, 'Berkay Kumlu', 'CentralMidfielder', 20, 530000, 3, 53, 53, 53, 53, 53),
(1258, 90, 'Buğra Çağlıyan', 'CentralMidfielder', 21, 570000, 3, 57, 57, 57, 57, 57),
(1259, 90, 'Can Bayırkan', 'CentralMidfielder', 22, 610000, 3, 61, 61, 61, 61, 61),
(1260, 90, 'Emre Akbaba', 'AttackingMidfielder', 32, 710000, 3, 71, 71, 71, 71, 71),
(1261, 90, 'Erdem Çalık', 'CentralMidfielder', 19, 500000, 3, 50, 50, 50, 50, 50),
(1262, 90, 'Hamza Akman', 'CentralMidfielder', 20, 530000, 3, 53, 53, 53, 53, 53),
(1263, 90, 'Kerem Demirbay', 'CentralMidfielder', 32, 730000, 3, 73, 73, 73, 73, 73),
(1264, 90, 'Melih Kabasakal', 'DefensiveMidfielder', 29, 650000, 3, 65, 65, 65, 65, 65),
(1265, 90, 'Robin Yalçın', 'DefensiveMidfielder', 31, 660000, 3, 66, 66, 66, 66, 66),
(1266, 90, 'Samu Sáiz', 'AttackingMidfielder', 34, 710000, 3, 71, 71, 71, 71, 71),
(1267, 90, 'Svit Sešlar', 'AttackingMidfielder', 23, 720000, 3, 72, 72, 72, 72, 72),
(1268, 90, 'Taras Stepanenko', 'DefensiveMidfielder', 36, 700000, 3, 70, 70, 70, 70, 70),
(1269, 90, 'Taşkın İlter', 'RightMidfielder', 31, 640000, 3, 64, 64, 64, 64, 64),
(1270, 90, 'Yalçın Kayan', 'CentralMidfielder', 26, 720000, 3, 72, 72, 72, 72, 72),
(1271, 90, 'İsmail Fidan', 'CentralMidfielder', 22, 610000, 3, 61, 61, 61, 61, 61),
(1272, 90, 'Ahmet Yazar', 'Striker', 30, 740000, 3, 74, 74, 74, 74, 74),
(1273, 90, 'Halil Akbunar', 'RightWinger', 31, 680000, 3, 68, 68, 68, 68, 68),
(1274, 90, 'Harun Özcan', 'Striker', 25, 710000, 3, 71, 71, 71, 71, 71),
(1275, 90, 'Hüseyin Maldar', 'Striker', 18, 480000, 3, 48, 48, 48, 48, 48),
(1276, 90, 'Mame Thiam', 'Striker', 32, 740000, 3, 74, 74, 74, 74, 74),
(1277, 90, 'Mete Demir', 'Striker', 27, 740000, 3, 74, 74, 74, 74, 74),
(1278, 90, 'Prince Ampem', 'LeftWinger', 27, 690000, 3, 69, 69, 69, 69, 69),
(1279, 90, 'Serdar Gürler', 'RightWinger', 33, 720000, 3, 72, 72, 72, 72, 72),
(1280, 90, 'Umut Bozok', 'Striker', 28, 690000, 3, 69, 69, 69, 69, 69),
(1281, 100, 'Ali Yanar', 'Goalkeeper', 27, 700000, 3, 70, 70, 70, 70, 70),
(1282, 100, 'Andreas Gianniotis', 'Goalkeeper', 32, 680000, 3, 68, 68, 68, 68, 68),
(1283, 100, 'Ege Albayrak', 'Goalkeeper', 17, 420000, 3, 42, 42, 42, 42, 42),
(1284, 100, 'Sinan Bolat', 'Goalkeeper', 36, 600000, 3, 60, 60, 60, 60, 60),
(1285, 100, 'Şant Kazancı', 'Goalkeeper', 16, 520000, 3, 52, 52, 52, 52, 52),
(1286, 100, 'Adnan Aktas', 'CenterBack', 18, 440000, 3, 44, 44, 44, 44, 44),
(1287, 100, 'Berkay Muratoğlu', 'RightBack', 17, 420000, 3, 42, 42, 42, 42, 42),
(1288, 100, 'Cláudio Winck', 'RightBack', 31, 680000, 3, 68, 68, 68, 68, 68),
(1289, 100, 'Ege Ketahte', 'LeftBack', 16, 520000, 3, 52, 52, 52, 52, 52),
(1290, 100, 'Eren Şehitoğlu', 'Striker', 18, 440000, 3, 44, 44, 44, 44, 44),
(1291, 100, 'Furkan Ulupinar', 'RightBack', 19, 470000, 3, 47, 47, 47, 47, 47),
(1292, 100, 'Jhon Espínoza', 'RightBack', 26, 660000, 3, 66, 66, 66, 66, 66),
(1293, 100, 'Kamil Piątkowski', 'CenterBack', 25, 720000, 3, 72, 72, 72, 72, 72),
(1294, 100, 'Kévin Rodrigues', 'LeftBack', 31, 690000, 3, 69, 69, 69, 69, 69),
(1295, 100, 'Nicholas Opoku', 'CenterBack', 27, 670000, 3, 67, 67, 67, 67, 67),
(1296, 100, 'Sadık Çiftpınar', 'CenterBack', 32, 630000, 3, 63, 63, 63, 63, 63),
(1297, 100, 'Serhat Akçay', 'CenterBack', 19, 470000, 3, 47, 47, 47, 47, 47),
(1298, 100, 'Taylan Aydın', 'RightBack', 19, 470000, 3, 47, 47, 47, 47, 47),
(1299, 100, 'Yasin Özcan', 'LeftBack', 19, 680000, 3, 68, 68, 68, 68, 68),
(1300, 100, 'Yunus Emre Atakaya', 'CenterBack', 21, 540000, 3, 54, 54, 54, 54, 54),
(1301, 100, 'Ömer Ecin', 'CenterBack', 17, 420000, 3, 42, 42, 42, 42, 42),
(1302, 100, 'Antonín Barák', 'AttackingMidfielder', 30, 750000, 3, 75, 75, 75, 75, 75),
(1303, 100, 'Atakan Müjde', 'CentralMidfielder', 21, 550000, 3, 55, 55, 55, 55, 55),
(1304, 100, 'Aytaç Kara', 'DefensiveMidfielder', 32, 660000, 3, 66, 66, 66, 66, 66),
(1305, 100, 'Cafú', 'CentralMidfielder', 32, 700000, 3, 70, 70, 70, 70, 70),
(1306, 100, 'Gökhan Gül', 'DefensiveMidfielder', 27, 650000, 3, 65, 65, 65, 65, 65),
(1307, 100, 'Haris Hajradinović', 'AttackingMidfielder', 31, 780000, 3, 78, 78, 78, 78, 78),
(1308, 100, 'Yusuf İnci', 'CentralMidfielder', 20, 510000, 3, 51, 51, 51, 51, 51),
(1309, 100, 'Bahtiyar Özden', 'Striker', 16, 540000, 3, 54, 54, 54, 54, 54),
(1310, 100, 'Burak Turalı', 'Striker', 17, 440000, 3, 44, 44, 44, 44, 44),
(1311, 100, 'Can Keleş', 'RightWinger', 23, 640000, 3, 64, 64, 64, 64, 64),
(1312, 100, 'Emirhan Yiğit', 'Striker', 19, 490000, 3, 49, 49, 49, 49, 49),
(1313, 100, 'Josip Brekalo', 'LeftWinger', 27, 770000, 3, 77, 77, 77, 77, 77),
(1314, 100, 'Mamadou Fall', 'Striker', 33, 640000, 3, 64, 64, 64, 64, 64),
(1315, 100, 'Mortadha Ben Ouanes', 'LeftWinger', 31, 690000, 3, 69, 69, 69, 69, 69),
(1316, 100, 'Nuno Da Costa', 'Striker', 34, 700000, 3, 70, 70, 70, 70, 70),
(1317, 100, 'Sarp Yavrucu', 'Striker', 20, 520000, 3, 52, 52, 52, 52, 52),
(1318, 110, 'Ahmet Daş', 'Goalkeeper', 25, 660000, 3, 66, 66, 66, 66, 66),
(1319, 110, 'Bahadır Güngördü', 'Goalkeeper', 29, 640000, 3, 64, 64, 64, 64, 64),
(1320, 110, 'Deniz Ertaş', 'Goalkeeper', 20, 670000, 3, 67, 67, 67, 67, 67),
(1321, 110, 'Egemen Aydın', 'Goalkeeper', 18, 430000, 3, 43, 43, 43, 43, 43),
(1322, 110, 'Abdurrahman Üresin', 'CenterBack', 21, 530000, 3, 53, 53, 53, 53, 53),
(1323, 110, 'Adil Demirbağ', 'CenterBack', 27, 690000, 3, 69, 69, 69, 69, 69),
(1324, 110, 'Filip Damjanović', 'CenterBack', 27, 690000, 3, 69, 69, 69, 69, 69),
(1325, 110, 'Josip Čalušić', 'CenterBack', 31, 670000, 3, 67, 67, 67, 67, 67),
(1326, 110, 'Mehmet Kaya', 'CenterBack', 20, 490000, 3, 49, 49, 49, 49, 49),
(1327, 110, 'Mert Korkmaz', 'RightBack', 24, 640000, 3, 64, 64, 64, 64, 64),
(1328, 110, 'Metehan Mert', 'CenterBack', 26, 680000, 3, 68, 68, 68, 68, 68),
(1329, 110, 'Nafican Yardımcı', 'RightBack', 24, 640000, 3, 64, 64, 64, 64, 64),
(1330, 110, 'Riechedly Bazoer', 'CenterBack', 28, 740000, 3, 74, 74, 74, 74, 74),
(1331, 110, 'Rıdvan Dönmez', 'LeftBack', 22, 570000, 3, 57, 57, 57, 57, 57),
(1332, 110, 'Uğurcan Yazğılı', 'CenterBack', 26, 660000, 3, 66, 66, 66, 66, 66),
(1333, 110, 'Yasir Subaşı', 'LeftBack', 29, 660000, 3, 66, 66, 66, 66, 66),
(1334, 110, 'Yaşar Kavas', 'RightBack', 21, 530000, 3, 53, 53, 53, 53, 53),
(1335, 110, 'Yhoan Andzouana', 'LeftBack', 28, 690000, 3, 69, 69, 69, 69, 69),
(1336, 110, 'Danijel Aleksić', 'AttackingMidfielder', 34, 700000, 3, 70, 70, 70, 70, 70),
(1337, 110, 'Emmanuel Boateng', 'RightWinger', 28, 690000, 3, 69, 69, 69, 69, 69),
(1338, 110, 'Enis Bardhi', 'AttackingMidfielder', 30, 740000, 3, 74, 74, 74, 74, 74),
(1339, 110, 'Kaan Akyazı', 'CentralMidfielder', 19, 470000, 3, 47, 47, 47, 47, 47),
(1340, 110, 'Mustafa Celik', 'CentralMidfielder', 19, 470000, 3, 47, 47, 47, 47, 47),
(1341, 110, 'Mørten Bjørlo', 'CentralMidfielder', 29, 670000, 3, 67, 67, 67, 67, 67),
(1342, 110, 'Ufuk Akyol', 'DefensiveMidfielder', 27, 700000, 3, 70, 70, 70, 70, 70),
(1343, 110, 'Alassane Ndao', 'RightWinger', 28, 700000, 3, 70, 70, 70, 70, 70),
(1344, 110, 'Blaž Kramer', 'Striker', 29, 720000, 3, 72, 72, 72, 72, 72),
(1345, 110, 'Bouly Sambou', 'Striker', 26, 700000, 3, 70, 70, 70, 70, 70),
(1346, 110, 'Tunahan Taşçı', 'LeftWinger', 23, 630000, 3, 63, 63, 63, 63, 63),
(1347, 110, 'Umut Nayir', 'Striker', 32, 650000, 3, 65, 65, 65, 65, 65),
(1348, 120, 'Ekin Ciftci', 'Goalkeeper', 16, 510000, 3, 51, 51, 51, 51, 51),
(1349, 120, 'Ertuğrul Taşkıran', 'Goalkeeper', 35, 620000, 3, 62, 62, 62, 62, 62),
(1350, 120, 'Hamza Koçer', 'Goalkeeper', 17, 410000, 3, 41, 41, 41, 41, 41),
(1351, 120, 'Mert Bayram', 'Goalkeeper', 20, 490000, 3, 49, 49, 49, 49, 49),
(1352, 120, 'Tunahan Kirli', 'Goalkeeper', 17, 410000, 3, 41, 41, 41, 41, 41),
(1353, 120, 'Yusuf Karagöz', 'Goalkeeper', 25, 660000, 3, 66, 66, 66, 66, 66),
(1354, 120, 'Batuhan Yavuz', 'CenterBack', 20, 490000, 3, 49, 49, 49, 49, 49),
(1355, 120, 'Fatih Aksoy', 'CenterBack', 27, 680000, 3, 68, 68, 68, 68, 68),
(1356, 120, 'Fidan Aliti', 'CenterBack', 31, 670000, 3, 67, 67, 67, 67, 67),
(1357, 120, 'Florent Hadergjonaj', 'RightBack', 31, 710000, 3, 71, 71, 71, 71, 71),
(1358, 120, 'Jure Balkovec', 'LeftBack', 30, 700000, 3, 70, 70, 70, 70, 70),
(1359, 120, 'Nuno Lima', 'CenterBack', 24, 670000, 3, 67, 67, 67, 67, 67),
(1360, 120, 'Omer Karslioglu', 'CenterBack', 17, 410000, 3, 41, 41, 41, 41, 41),
(1361, 120, 'Umut Toy', 'LeftBack', 21, 530000, 3, 53, 53, 53, 53, 53),
(1362, 120, 'Yusuf Özdemir', 'LeftBack', 24, 690000, 3, 69, 69, 69, 69, 69),
(1363, 120, 'Buluthan Bulut', 'CentralMidfielder', 23, 620000, 3, 62, 62, 62, 62, 62),
(1364, 120, 'Efecan Karaca', 'RightWinger', 35, 660000, 3, 66, 66, 66, 66, 66),
(1365, 120, 'Enes Keskin', 'CentralMidfielder', 24, 650000, 3, 65, 65, 65, 65, 65),
(1366, 120, 'Eren Altıntaş', 'CentralMidfielder', 21, 540000, 3, 54, 54, 54, 54, 54),
(1367, 120, 'Gaïus Makouta', 'CentralMidfielder', 28, 700000, 3, 70, 70, 70, 70, 70),
(1368, 120, 'Muhammet Apaydın', 'CentralMidfielder', 19, 470000, 3, 47, 47, 47, 47, 47),
(1369, 120, 'Nejdet Nezir Bilin', 'CentralMidfielder', 18, 440000, 3, 44, 44, 44, 44, 44),
(1370, 120, 'Nicolas Janvier', 'AttackingMidfielder', 26, 650000, 3, 65, 65, 65, 65, 65),
(1371, 120, 'Richard', 'DefensiveMidfielder', 31, 670000, 3, 67, 67, 67, 67, 67),
(1372, 120, 'Taha Celik', 'CentralMidfielder', 16, 520000, 3, 52, 52, 52, 52, 52),
(1373, 120, 'Tonny Vilhena', 'CentralMidfielder', 30, 680000, 3, 68, 68, 68, 68, 68),
(1374, 120, 'Yusuf Karademir', 'AttackingMidfielder', 17, 420000, 3, 42, 42, 42, 42, 42),
(1375, 120, 'Yusuf Kurt', 'CentralMidfielder', 23, 620000, 3, 62, 62, 62, 62, 62),
(1376, 120, 'Andraž Šporar', 'Striker', 31, 720000, 3, 72, 72, 72, 72, 72),
(1377, 120, 'Arda Usluoğlu', 'Striker', 18, 450000, 3, 45, 45, 45, 45, 45),
(1378, 120, 'Hüseyin Şen', 'Striker', 16, 530000, 3, 53, 53, 53, 53, 53),
(1379, 120, 'Sergio Córdova', 'Striker', 27, 710000, 3, 71, 71, 71, 71, 71),
(1380, 120, 'Ui-jo Hwang', 'Striker', 32, 720000, 3, 72, 72, 72, 72, 72),
(1381, 120, 'İslam Aydın', 'Striker', 19, 480000, 3, 48, 48, 48, 48, 48),
(1382, 130, 'Abdullah Yiğiter', 'Goalkeeper', 25, 660000, 3, 66, 66, 66, 66, 66),
(1383, 130, 'Ataberk Dadakdeniz', 'Goalkeeper', 26, 680000, 3, 68, 68, 68, 68, 68),
(1384, 130, 'Doğukan Özkan', 'Goalkeeper', 25, 660000, 3, 66, 66, 66, 66, 66),
(1385, 130, 'Kağan Arıcan', 'Goalkeeper', 19, 460000, 3, 46, 46, 46, 46, 46),
(1386, 130, 'Kenan Pirić', 'Goalkeeper', 31, 680000, 3, 68, 68, 68, 68, 68),
(1387, 130, 'Abdurrahim Dursun', 'LeftBack', 26, 630000, 3, 63, 63, 63, 63, 63),
(1388, 130, 'Amar Gerxhaliu', 'CenterBack', 23, 670000, 3, 67, 67, 67, 67, 67),
(1389, 130, 'Bahadır Öztürk', 'CenterBack', 29, 640000, 3, 64, 64, 64, 64, 64),
(1390, 130, 'Bünyamin Balcı', 'RightBack', 25, 660000, 3, 66, 66, 66, 66, 66),
(1391, 130, 'Efecan Gülerce', 'CenterBack', 23, 610000, 3, 61, 61, 61, 61, 61),
(1392, 130, 'Erdoğan Yeşilyurt', 'LeftMidfielder', 31, 670000, 3, 67, 67, 67, 67, 67),
(1393, 130, 'Güray Vural', 'LeftBack', 37, 570000, 3, 57, 57, 57, 57, 57),
(1394, 130, 'Harun Toprak', 'CenterBack', 20, 490000, 3, 49, 49, 49, 49, 49),
(1395, 130, 'Mert Yılmaz', 'RightBack', 26, 650000, 3, 65, 65, 65, 65, 65),
(1396, 130, 'Veysel Sarı', 'CenterBack', 37, 580000, 3, 58, 58, 58, 58, 58),
(1397, 130, 'Deni Milošević', 'AttackingMidfielder', 30, 630000, 3, 63, 63, 63, 63, 63),
(1398, 130, 'Jakub Kałuziński', 'CentralMidfielder', 22, 730000, 3, 73, 73, 73, 73, 73),
(1399, 130, 'Oleksandr Petrusenko', 'DefensiveMidfielder', 27, 660000, 3, 66, 66, 66, 66, 66),
(1400, 130, 'Sander van de Streek', 'AttackingMidfielder', 32, 670000, 3, 67, 67, 67, 67, 67),
(1401, 130, 'Soner Dikmen', 'DefensiveMidfielder', 31, 620000, 3, 62, 62, 62, 62, 62),
(1402, 130, 'Yannick Nkurunziza', 'CentralMidfielder', 23, 620000, 3, 62, 62, 62, 62, 62),
(1403, 130, 'Andros Townsend', 'RightWinger', 34, 680000, 3, 68, 68, 68, 68, 68),
(1404, 130, 'Braian Samudio', 'Striker', 29, 690000, 3, 69, 69, 69, 69, 69),
(1405, 130, 'Mehmet İlhan', 'Striker', 21, 550000, 3, 55, 55, 55, 55, 55),
(1406, 140, 'Halil Bağcı', 'Goalkeeper', 22, 570000, 3, 57, 57, 57, 57, 57),
(1407, 140, 'Mustafa Bozan', 'Goalkeeper', 24, 610000, 3, 61, 61, 61, 61, 61),
(1408, 140, 'Sokratis Dioudis', 'Goalkeeper', 32, 670000, 3, 67, 67, 67, 67, 67),
(1409, 140, 'Arda Kızıldağ', 'CenterBack', 26, 650000, 3, 65, 65, 65, 65, 65),
(1410, 140, 'Godfrey Stephen', 'CenterBack', 24, 640000, 3, 64, 64, 64, 64, 64),
(1411, 140, 'Myenty Abena', 'CenterBack', 30, 670000, 3, 67, 67, 67, 67, 67),
(1412, 140, 'Onur Başyiğit', 'RightBack', 21, 530000, 3, 53, 53, 53, 53, 53),
(1413, 140, 'Salem M''Bakata', 'RightBack', 27, 660000, 3, 66, 66, 66, 66, 66),
(1414, 140, 'Semih Güler', 'CenterBack', 30, 650000, 3, 65, 65, 65, 65, 65),
(1415, 140, 'Ömürcan Artan', 'RightBack', 26, 680000, 3, 68, 68, 68, 68, 68),
(1416, 140, 'İzzet Erdal', 'LeftBack', 20, 490000, 3, 49, 49, 49, 49, 49),
(1417, 140, 'Alexandru Maxim', 'AttackingMidfielder', 35, 700000, 3, 70, 70, 70, 70, 70),
(1418, 140, 'Badou Ndiaye', 'CentralMidfielder', 34, 670000, 3, 67, 67, 67, 67, 67),
(1419, 140, 'Berke Gürbüz', 'AttackingMidfielder', 22, 580000, 3, 58, 58, 58, 58, 58),
(1420, 140, 'Deian Sorescu', 'RightMidfielder', 27, 700000, 3, 70, 70, 70, 70, 70),
(1421, 140, 'Eren Çakır', 'CentralMidfielder', 21, 540000, 3, 54, 54, 54, 54, 54),
(1422, 140, 'Furkan Soyalp', 'AttackingMidfielder', 30, 650000, 3, 65, 65, 65, 65, 65),
(1423, 140, 'Kacper Kozłowski', 'AttackingMidfielder', 21, 730000, 3, 73, 73, 73, 73, 73),
(1424, 140, 'Ogün Özçiçek', 'DefensiveMidfielder', 26, 640000, 3, 64, 64, 64, 64, 64),
(1425, 140, 'Onurhan Babuşcu', 'AttackingMidfielder', 21, 540000, 3, 54, 54, 54, 54, 54),
(1426, 140, 'Quentin Daubin', 'DefensiveMidfielder', 30, 670000, 3, 67, 67, 67, 67, 67),
(1427, 140, 'Ali Ablak', 'RightWinger', 22, 590000, 3, 59, 59, 59, 59, 59),
(1428, 140, 'Burak Enes Yıkıcı', 'Striker', 21, 550000, 3, 55, 55, 55, 55, 55),
(1429, 140, 'Christopher Lungoyi', 'LeftWinger', 25, 680000, 3, 68, 68, 68, 68, 68),
(1430, 140, 'Emmanuel Boateng', 'RightWinger', 29, 690000, 3, 69, 69, 69, 69, 69),
(1431, 140, 'Eren Erdoğan', 'LeftWinger', 24, 660000, 3, 66, 66, 66, 66, 66),
(1432, 140, 'Mehmet Kuzucu', 'Striker', 21, 550000, 3, 55, 55, 55, 55, 55),
(1433, 140, 'Mirza Cihan', 'RightWinger', 24, 660000, 3, 66, 66, 66, 66, 66),
(1434, 140, 'İlker Karakaş', 'Striker', 26, 700000, 3, 70, 70, 70, 70, 70),
(1435, 150, 'Bilal Bayazıt', 'Goalkeeper', 26, 700000, 3, 70, 70, 70, 70, 70),
(1436, 150, 'Onurcan Piri', 'Goalkeeper', 30, 690000, 3, 69, 69, 69, 69, 69),
(1437, 150, 'Şamil Öztürk', 'Goalkeeper', 20, 490000, 3, 49, 49, 49, 49, 49),
(1438, 150, 'Ahmet Malatyalı', 'CenterBack', 22, 570000, 3, 57, 57, 57, 57, 57),
(1439, 150, 'Alperen Öztaş', 'CenterBack', 18, 430000, 3, 43, 43, 43, 43, 43),
(1440, 150, 'Arif Kocaman', 'CenterBack', 21, 620000, 3, 62, 62, 62, 62, 62),
(1441, 150, 'Bilal Ceylan', 'RightBack', 20, 490000, 3, 49, 49, 49, 49, 49),
(1442, 150, 'Gökhan Sazdağı', 'RightBack', 30, 650000, 3, 65, 65, 65, 65, 65),
(1443, 150, 'Joseph Attamah', 'CenterBack', 31, 660000, 3, 66, 66, 66, 66, 66),
(1444, 150, 'Kayra Cihan', 'CenterBack', 17, 410000, 3, 41, 41, 41, 41, 41),
(1445, 150, 'Lionel Carole', 'LeftBack', 34, 650000, 3, 65, 65, 65, 65, 65),
(1446, 150, 'Majid Hosseini', 'CenterBack', 29, 710000, 3, 71, 71, 71, 71, 71),
(1447, 150, 'Mehmet Eray Özbek', 'CenterBack', 22, 570000, 3, 57, 57, 57, 57, 57),
(1448, 150, 'Muhammed Arıkan', 'RightBack', 20, 490000, 3, 49, 49, 49, 49, 49),
(1449, 150, 'Necip Özer', 'CenterBack', 18, 430000, 3, 43, 43, 43, 43, 43),
(1450, 150, 'Ali Karimi', 'CentralMidfielder', 31, 680000, 3, 68, 68, 68, 68, 68),
(1451, 150, 'Baran Gezek', 'CentralMidfielder', 19, 470000, 3, 47, 47, 47, 47, 47),
(1452, 150, 'Berat Eskin', 'CentralMidfielder', 20, 500000, 3, 50, 50, 50, 50, 50),
(1453, 150, 'Miguel Cardoso', 'LeftWinger', 31, 710000, 3, 71, 71, 71, 71, 71),
(1454, 150, 'Yaw Ackah', 'DefensiveMidfielder', 26, 650000, 3, 65, 65, 65, 65, 65),
(1455, 150, 'Yiğit Çeltik', 'RightMidfielder', 22, 580000, 3, 58, 58, 58, 58, 58),
(1456, 150, 'Berkan Aslan', 'LeftWinger', 21, 550000, 3, 55, 55, 55, 55, 55),
(1457, 150, 'Carlos Mané', 'RightWinger', 31, 710000, 3, 71, 71, 71, 71, 71),
(1458, 150, 'Duckens Nazon', 'Striker', 31, 690000, 3, 69, 69, 69, 69, 69),
(1459, 150, 'Ethem Balcı', 'RightWinger', 22, 590000, 3, 59, 59, 59, 59, 59),
(1460, 150, 'Nurettin Korkmaz', 'LeftWinger', 23, 630000, 3, 63, 63, 63, 63, 63),
(1461, 150, 'Ramazan Civelek', 'RightMidfielder', 29, 640000, 3, 64, 64, 64, 64, 64),
(1462, 150, 'Stéphane Bahoken', 'Striker', 33, 670000, 3, 67, 67, 67, 67, 67),
(1463, 150, 'Talha Sarıarslan', 'Striker', 21, 550000, 3, 55, 55, 55, 55, 55),
(1464, 160, 'Ahmet Hasan Göcen', 'Goalkeeper', 22, 580000, 3, 58, 58, 58, 58, 58),
(1465, 160, 'Aleksandar Jovanović', 'Goalkeeper', 32, 690000, 3, 69, 69, 69, 69, 69),
(1466, 160, 'Gökhan Değirmenci', 'Goalkeeper', 36, 600000, 3, 60, 60, 60, 60, 60),
(1467, 160, 'Aaron Appindangoyé', 'CenterBack', 33, 670000, 3, 67, 67, 67, 67, 67),
(1468, 160, 'Ahmet Oğuz', 'RightBack', 32, 650000, 3, 65, 65, 65, 65, 65),
(1469, 160, 'Emre Gedik', 'CenterBack', 26, 690000, 3, 69, 69, 69, 69, 69),
(1470, 160, 'Furkan Uludaş', 'LeftBack', 21, 540000, 3, 54, 54, 54, 54, 54),
(1471, 160, 'Haşim Sarman', 'CenterBack', 22, 580000, 3, 58, 58, 58, 58, 58),
(1472, 160, 'Massadio Haïdara', 'LeftBack', 32, 680000, 3, 68, 68, 68, 68, 68),
(1473, 160, 'Muharrem Cinan', 'CenterBack', 27, 700000, 3, 70, 70, 70, 70, 70),
(1474, 160, 'Onur Öztonga', 'RightBack', 25, 670000, 3, 67, 67, 67, 67, 67),
(1475, 160, 'Tarkan Serbest', 'DefensiveMidfielder', 31, 650000, 3, 65, 65, 65, 65, 65),
(1476, 160, 'Cihat Çelik', 'CentralMidfielder', 29, 660000, 3, 66, 66, 66, 66, 66),
(1477, 160, 'Furkan Gedik', 'CentralMidfielder', 23, 630000, 3, 63, 63, 63, 63, 63),
(1478, 160, 'Furkan Özyapı', 'AttackingMidfielder', 26, 700000, 3, 70, 70, 70, 70, 70),
(1479, 160, 'Joseph Nonge', 'CentralMidfielder', 20, 510000, 3, 51, 51, 51, 51, 51),
(1480, 160, 'Mesut Tunalı', 'AttackingMidfielder', 24, 660000, 3, 66, 66, 66, 66, 66),
(1481, 160, 'Mijo Caktaš', 'AttackingMidfielder', 33, 710000, 3, 71, 71, 71, 71, 71),
(1482, 160, 'Pedrinho', 'AttackingMidfielder', 32, 680000, 3, 68, 68, 68, 68, 68),
(1483, 160, 'Samet Yalçın', 'DefensiveMidfielder', 31, 640000, 3, 64, 64, 64, 64, 64),
(1484, 160, 'Show', 'DefensiveMidfielder', 26, 670000, 3, 67, 67, 67, 67, 67),
(1485, 160, 'Ümitcan Eksi', 'CentralMidfielder', 21, 550000, 3, 55, 55, 55, 55, 55),
(1486, 160, 'Ahmet Sağat', 'Striker', 29, 640000, 3, 64, 64, 64, 64, 64),
(1487, 160, 'Barış Alıcı', 'RightWinger', 28, 730000, 3, 73, 73, 73, 73, 73),
(1488, 160, 'Bedirhan Yıldız', 'Striker', 20, 520000, 3, 52, 52, 52, 52, 52),
(1489, 160, 'Bruno Petković', 'Striker', 30, 760000, 3, 76, 76, 76, 76, 76),
(1490, 160, 'Oğulcan Çağlayan', 'RightWinger', 29, 690000, 3, 69, 69, 69, 69, 69),
(1491, 160, 'Rigoberto Rivas', 'LeftWinger', 27, 690000, 3, 69, 69, 69, 69, 69),
(1492, 160, 'Ryan Mendes', 'RightWinger', 35, 720000, 3, 72, 72, 72, 72, 72),
(1493, 160, 'Toheeb Lawal', 'Striker', 19, 490000, 3, 49, 49, 49, 49, 49),
(1494, 170, 'Arda Akgül', 'Goalkeeper', 20, 480000, 3, 48, 48, 48, 48, 48),
(1495, 170, 'Atalay Gökçe', 'Goalkeeper', 22, 560000, 3, 56, 56, 56, 56, 56),
(1496, 170, 'Erhan Erentürk', 'Goalkeeper', 30, 610000, 3, 61, 61, 61, 61, 61),
(1497, 170, 'Gökhan Akkan', 'Goalkeeper', 30, 630000, 3, 63, 63, 63, 63, 63),
(1498, 170, 'Berat Sebat', 'CenterBack', 21, 520000, 3, 52, 52, 52, 52, 52),
(1499, 170, 'Dimitrios Goutas', 'CenterBack', 31, 700000, 3, 70, 70, 70, 70, 70),
(1500, 170, 'Emirhan Ünal', 'CenterBack', 20, 480000, 3, 48, 48, 48, 48, 48),
(1501, 170, 'Fıratcan Üzüm', 'LeftBack', 26, 670000, 3, 67, 67, 67, 67, 67),
(1502, 170, 'Matěj Hanousek', 'LeftBack', 32, 640000, 3, 64, 64, 64, 64, 64),
(1503, 170, 'Musa Şahindere', 'RightBack', 23, 600000, 3, 60, 60, 60, 60, 60),
(1504, 170, 'Thalisson Kelven', 'RightBack', 27, 670000, 3, 67, 67, 67, 67, 67),
(1505, 170, 'Žan Žužek', 'CenterBack', 28, 660000, 3, 66, 66, 66, 66, 66),
(1506, 170, 'Abdullah Yıldızer', 'CentralMidfielder', 20, 490000, 3, 49, 49, 49, 49, 49),
(1507, 170, 'Arda Temur', 'CentralMidfielder', 21, 530000, 3, 53, 53, 53, 53, 53),
(1508, 170, 'Arda Çelik', 'CentralMidfielder', 20, 490000, 3, 49, 49, 49, 49, 49),
(1509, 170, 'Ataberk Gök', 'CentralMidfielder', 25, 660000, 3, 66, 66, 66, 66, 66),
(1510, 170, 'Eralp Aydın', 'CentralMidfielder', 21, 530000, 3, 53, 53, 53, 53, 53),
(1511, 170, 'Mikail Okyar', 'AttackingMidfielder', 26, 640000, 3, 64, 64, 64, 64, 64),
(1512, 170, 'Moussa Kyabou', 'DefensiveMidfielder', 27, 660000, 3, 66, 66, 66, 66, 66),
(1513, 170, 'Arda Tuzcu', 'Striker', 23, 620000, 3, 62, 62, 62, 62, 62),
(1514, 170, 'Baran Basyigit', 'Striker', 22, 580000, 3, 58, 58, 58, 58, 58),
(1515, 170, 'Daniel Popa', 'Striker', 30, 660000, 3, 66, 66, 66, 66, 66),
(1516, 170, 'Elias Durmaz', 'LeftWinger', 25, 640000, 3, 64, 64, 64, 64, 64),
(1517, 170, 'Emirkan Demir', 'Striker', 22, 580000, 3, 58, 58, 58, 58, 58),
(1518, 170, 'Gökhan Altıparmak', 'RightWinger', 24, 650000, 3, 65, 65, 65, 65, 65),
(1519, 170, 'Joca', 'RightWinger', 29, 670000, 3, 67, 67, 67, 67, 67),
(1520, 170, 'Kağan Özkan', 'Striker', 21, 540000, 3, 54, 54, 54, 54, 54),
(1521, 170, 'Metehan Mimaroğlu', 'LeftWinger', 31, 650000, 3, 65, 65, 65, 65, 65),
(1522, 180, 'Doruk Paflak', 'Goalkeeper', 19, 450000, 3, 45, 45, 45, 45, 45),
(1523, 180, 'Emre Bilgin', 'Goalkeeper', 21, 580000, 3, 58, 58, 58, 58, 58),
(1524, 180, 'Furkan Akyüz', 'Goalkeeper', 19, 450000, 3, 45, 45, 45, 45, 45),
(1525, 180, 'Furkan Bekleviç', 'Goalkeeper', 26, 600000, 3, 60, 60, 60, 60, 60),
(1526, 180, 'Anıl Çınar', 'CenterBack', 22, 560000, 3, 56, 56, 56, 56, 56),
(1527, 180, 'Atakan Çankaya', 'CenterBack', 27, 640000, 3, 64, 64, 64, 64, 64),
(1528, 180, 'Berkay Dabanlı', 'CenterBack', 35, 570000, 3, 57, 57, 57, 57, 57),
(1529, 180, 'Emir Tintiş', 'LeftBack', 21, 520000, 3, 52, 52, 52, 52, 52),
(1530, 180, 'Emirhan Parmaksız', 'CenterBack', 20, 480000, 3, 48, 48, 48, 48, 48),
(1531, 180, 'Hakan Atabey', 'LeftBack', 19, 450000, 3, 45, 45, 45, 45, 45),
(1532, 180, 'Kerem Sirkeci', 'RightBack', 21, 520000, 3, 52, 52, 52, 52, 52),
(1533, 180, 'Muhammed Kadıoğlu', 'LeftBack', 20, 480000, 3, 48, 48, 48, 48, 48),
(1534, 180, 'Papy Djilobodji', 'CenterBack', 36, 550000, 3, 55, 55, 55, 55, 55),
(1535, 180, 'Salih Dursun', 'RightBack', 34, 600000, 3, 60, 60, 60, 60, 60),
(1536, 180, 'Talha Ülvan', 'RightBack', 24, 630000, 3, 63, 63, 63, 63, 63),
(1537, 180, 'Yiğit Demir', 'CenterBack', 18, 420000, 3, 42, 42, 42, 42, 42),
(1538, 180, 'Çağtay Kurukalıp', 'LeftBack', 23, 600000, 3, 60, 60, 60, 60, 60),
(1539, 180, 'Ömer Ersoy', 'CenterBack', 20, 480000, 3, 48, 48, 48, 48, 48),
(1540, 180, 'İrfan Köse', 'RightBack', 21, 520000, 3, 52, 52, 52, 52, 52),
(1541, 180, 'Adnan Uğur', 'DefensiveMidfielder', 24, 640000, 3, 64, 64, 64, 64, 64),
(1542, 180, 'Alper Demirol', 'CentralMidfielder', 22, 570000, 3, 57, 57, 57, 57, 57),
(1543, 180, 'Barış Kalaycı', 'CentralMidfielder', 19, 460000, 3, 46, 46, 46, 46, 46),
(1544, 180, 'Berkay Vardar', 'CentralMidfielder', 22, 570000, 3, 57, 57, 57, 57, 57),
(1545, 180, 'Daniel Johnson', 'CentralMidfielder', 32, 660000, 3, 66, 66, 66, 66, 66),
(1546, 180, 'Göktan Gürpüz', 'AttackingMidfielder', 22, 570000, 3, 57, 57, 57, 57, 57),
(1547, 180, 'Halil Cengiz', 'RightMidfielder', 19, 460000, 3, 46, 46, 46, 46, 46),
(1548, 180, 'Marius Doh', 'CentralMidfielder', 21, 530000, 3, 53, 53, 53, 53, 53),
(1549, 180, 'Muhammed Mert', 'CentralMidfielder', 30, 690000, 3, 69, 69, 69, 69, 69),
(1550, 180, 'Muhammet Arıkan', 'CentralMidfielder', 18, 430000, 3, 43, 43, 43, 43, 43),
(1551, 180, 'Taha Özgür', 'CentralMidfielder', 20, 490000, 3, 49, 49, 49, 49, 49),
(1552, 180, 'Tuğbey Akgün', 'AttackingMidfielder', 22, 570000, 3, 57, 57, 57, 57, 57),
(1553, 180, 'Ömer Gümüş', 'CentralMidfielder', 22, 570000, 3, 57, 57, 57, 57, 57),
(1554, 180, 'Ahmet Sivri', 'Striker', 26, 630000, 3, 63, 63, 63, 63, 63),
(1555, 180, 'Ahmet Tuğyan', 'Striker', 20, 500000, 3, 50, 50, 50, 50, 50),
(1556, 180, 'Andre Gray', 'Striker', 34, 680000, 3, 68, 68, 68, 68, 68),
(1557, 180, 'Arda Akgün', 'RightWinger', 18, 440000, 3, 44, 44, 44, 44, 44),
(1558, 180, 'Baran Demiroğlu', 'Striker', 20, 540000, 3, 54, 54, 54, 54, 54),
(1559, 180, 'Emirhan Delibaş', 'LeftWinger', 22, 580000, 3, 58, 58, 58, 58, 58),
(1560, 180, 'João Camacho', 'RightWinger', 31, 690000, 3, 69, 69, 69, 69, 69),
(1561, 180, 'Nikola Dovedan', 'Striker', 31, 680000, 3, 68, 68, 68, 68, 68),
(1562, 180, 'Serginho', 'LeftWinger', 30, 690000, 3, 69, 69, 69, 69, 69),
(1563, 180, 'Tiago Çukur', 'Striker', 22, 620000, 3, 62, 62, 62, 62, 62),
(1564, 180, 'Wesley', 'LeftWinger', 28, 660000, 3, 66, 66, 66, 66, 66);

-- Detailed player attributes for the coordinate-based match engine.
INSERT INTO player_attributes (
    player_id,
    shooting,
    passing,
    first_touch,
    technique,
    tackling,
    dribbling,
    crossing,
    marking,
    heading,
    set_pieces,
    decisions,
    vision,
    positioning,
    off_the_ball,
    composure,
    concentration,
    work_rate,
    teamwork,
    leadership,
    aggression,
    pace,
    acceleration,
    stamina,
    strength,
    agility,
    jumping_reach,
    shot_stopping,
    handling,
    aerial_ability,
    one_on_ones,
    distribution
) VALUES
(1001, 9, 45, 38, 43, 11, 15, 9, 10, 24, 21, 56, 43, 60, 16, 62, 63, 53, 59, 53, 38, 43, 44, 46, 58, 58, 59, 68, 64, 62, 68, 64),
(1002, 8, 25, 21, 27, 6, 12, 5, 5, 12, 12, 32, 26, 42, 12, 40, 38, 38, 39, 28, 20, 29, 28, 32, 36, 44, 43, 46, 48, 47, 46, 46),
(1003, 13, 50, 45, 49, 13, 22, 9, 9, 31, 30, 63, 50, 65, 23, 72, 70, 58, 64, 67, 47, 47, 44, 51, 66, 62, 69, 76, 71, 67, 73, 67),
(1004, 16, 74, 62, 73, 14, 40, 14, 15, 53, 47, 84, 73, 88, 46, 88, 92, 83, 85, 80, 66, 71, 70, 72, 87, 89, 90, 95, 95, 93, 95, 91),
(1005, 44, 80, 75, 78, 89, 55, 48, 88, 94, 50, 82, 72, 88, 66, 90, 86, 84, 85, 86, 82, 73, 73, 81, 87, 74, 87, 12, 10, 11, 10, 9),
(1006, 21, 50, 51, 46, 65, 29, 19, 64, 64, 26, 51, 46, 62, 40, 51, 54, 59, 57, 47, 62, 55, 56, 56, 61, 55, 64, 8, 7, 8, 6, 8),
(1007, 40, 68, 66, 65, 82, 46, 40, 81, 79, 46, 71, 60, 80, 56, 76, 80, 76, 74, 71, 75, 72, 72, 73, 78, 67, 81, 9, 11, 10, 9, 11),
(1008, 51, 85, 80, 83, 91, 60, 53, 93, 95, 55, 84, 75, 91, 72, 91, 90, 86, 86, 86, 92, 85, 85, 88, 95, 83, 95, 10, 11, 9, 10, 12),
(1009, 52, 70, 74, 73, 85, 77, 80, 82, 62, 59, 74, 66, 81, 75, 73, 74, 84, 81, 70, 77, 81, 83, 83, 73, 82, 74, 8, 11, 12, 11, 9),
(1010, 49, 71, 72, 73, 79, 80, 84, 82, 63, 63, 75, 67, 78, 78, 75, 79, 81, 82, 70, 79, 80, 82, 84, 77, 79, 73, 9, 11, 10, 10, 12),
(1011, 49, 73, 73, 70, 86, 76, 79, 85, 63, 62, 75, 69, 83, 77, 76, 80, 81, 82, 74, 76, 81, 83, 84, 74, 77, 72, 11, 10, 8, 12, 12),
(1012, 54, 84, 76, 75, 83, 69, 61, 83, 73, 65, 87, 79, 83, 70, 82, 85, 86, 86, 81, 80, 71, 73, 82, 82, 74, 79, 11, 8, 12, 9, 11),
(1013, 31, 58, 57, 58, 72, 38, 27, 73, 70, 34, 66, 52, 74, 49, 63, 70, 64, 65, 64, 68, 66, 64, 62, 72, 61, 70, 9, 8, 9, 8, 11),
(1014, 36, 65, 66, 64, 76, 45, 35, 79, 78, 38, 68, 59, 76, 55, 70, 70, 68, 70, 64, 70, 69, 67, 68, 76, 68, 76, 8, 11, 10, 9, 11),
(1015, 49, 61, 58, 60, 58, 55, 45, 53, 44, 56, 58, 62, 56, 57, 54, 56, 66, 64, 50, 52, 56, 55, 68, 54, 60, 51, 10, 8, 9, 6, 6),
(1016, 58, 80, 78, 79, 84, 84, 94, 86, 68, 67, 81, 75, 86, 82, 79, 86, 93, 84, 79, 84, 95, 93, 92, 84, 85, 78, 12, 12, 11, 10, 9),
(1017, 39, 75, 70, 70, 83, 50, 40, 84, 81, 47, 74, 66, 85, 60, 78, 83, 77, 79, 74, 77, 72, 70, 74, 82, 72, 83, 10, 11, 11, 10, 9),
(1018, 57, 80, 77, 79, 88, 87, 93, 87, 69, 66, 82, 75, 87, 83, 82, 87, 88, 85, 78, 84, 93, 90, 88, 85, 86, 83, 9, 11, 10, 13, 12),
(1019, 46, 72, 66, 69, 78, 57, 48, 75, 66, 55, 73, 67, 74, 58, 72, 72, 74, 76, 67, 73, 65, 65, 77, 72, 67, 67, 7, 7, 8, 7, 8),
(1020, 49, 67, 64, 64, 57, 57, 49, 58, 46, 56, 63, 67, 59, 57, 60, 61, 65, 63, 56, 56, 59, 56, 64, 55, 59, 53, 6, 10, 9, 9, 7),
(1021, 79, 95, 94, 95, 87, 86, 75, 82, 73, 93, 90, 95, 89, 86, 90, 88, 95, 90, 84, 82, 84, 84, 95, 84, 86, 82, 10, 13, 13, 9, 11),
(1022, 54, 62, 60, 56, 27, 55, 52, 22, 31, 55, 49, 63, 46, 58, 50, 44, 49, 53, 43, 36, 54, 53, 53, 41, 58, 45, 7, 9, 9, 8, 6),
(1023, 62, 87, 85, 84, 95, 75, 69, 95, 79, 72, 93, 86, 95, 81, 91, 93, 95, 95, 85, 95, 86, 82, 95, 91, 83, 88, 12, 10, 9, 9, 11),
(1024, 55, 86, 78, 77, 88, 69, 58, 83, 76, 64, 86, 81, 85, 71, 85, 86, 87, 86, 81, 83, 72, 76, 83, 84, 75, 81, 12, 9, 9, 8, 11),
(1025, 72, 95, 94, 95, 83, 85, 71, 78, 70, 82, 95, 95, 83, 85, 95, 87, 87, 92, 86, 78, 67, 67, 79, 83, 78, 78, 11, 10, 11, 11, 13),
(1026, 77, 69, 77, 76, 42, 80, 75, 39, 50, 70, 73, 72, 66, 77, 73, 68, 71, 74, 61, 62, 82, 80, 73, 59, 78, 61, 11, 9, 10, 11, 11),
(1027, 65, 39, 57, 56, 18, 49, 18, 17, 58, 39, 52, 43, 52, 64, 55, 53, 58, 53, 42, 57, 60, 61, 57, 54, 60, 57, 9, 7, 9, 8, 9),
(1028, 84, 83, 87, 88, 50, 91, 92, 50, 64, 81, 84, 86, 78, 86, 84, 78, 90, 83, 73, 74, 95, 95, 93, 78, 90, 74, 10, 9, 10, 9, 9),
(1029, 66, 43, 63, 62, 19, 51, 24, 20, 65, 44, 57, 45, 52, 68, 63, 57, 57, 50, 50, 58, 59, 56, 57, 65, 59, 65, 6, 6, 7, 9, 8),
(1030, 82, 56, 76, 75, 34, 63, 36, 34, 73, 58, 71, 62, 68, 82, 82, 69, 67, 65, 62, 70, 74, 71, 68, 71, 70, 71, 8, 8, 11, 10, 11),
(1031, 93, 92, 94, 95, 59, 95, 95, 59, 71, 86, 88, 89, 85, 95, 88, 89, 87, 90, 83, 76, 95, 95, 91, 78, 95, 83, 12, 10, 12, 11, 14),
(1032, 95, 69, 95, 88, 49, 83, 53, 45, 92, 73, 90, 75, 83, 95, 95, 88, 82, 78, 84, 85, 82, 82, 82, 85, 88, 89, 11, 9, 11, 10, 13),
(1033, 78, 79, 80, 81, 49, 85, 84, 44, 57, 75, 79, 80, 75, 80, 75, 73, 81, 80, 68, 68, 85, 86, 81, 65, 86, 68, 10, 12, 12, 12, 11),
(1034, 81, 81, 82, 85, 49, 91, 90, 46, 61, 78, 78, 82, 78, 83, 80, 79, 83, 82, 70, 71, 89, 91, 83, 69, 88, 73, 12, 9, 10, 10, 13),
(1035, 83, 81, 82, 94, 51, 94, 90, 49, 59, 77, 81, 86, 77, 85, 82, 76, 81, 82, 73, 67, 87, 95, 86, 68, 95, 70, 13, 13, 11, 11, 13),
(1036, 71, 68, 74, 72, 36, 75, 75, 38, 49, 69, 64, 70, 67, 71, 68, 62, 70, 68, 55, 58, 79, 78, 70, 57, 77, 62, 9, 11, 9, 7, 7),
(1037, 95, 81, 95, 95, 55, 89, 59, 57, 95, 78, 95, 85, 88, 95, 95, 92, 95, 86, 88, 95, 95, 95, 91, 95, 94, 95, 13, 10, 11, 14, 13),
(1038, 14, 78, 61, 76, 13, 39, 16, 17, 53, 48, 87, 72, 87, 45, 93, 89, 78, 85, 83, 64, 69, 68, 72, 82, 88, 87, 95, 90, 90, 90, 95),
(1039, 6, 23, 17, 24, 8, 12, 6, 7, 12, 12, 33, 28, 40, 12, 38, 37, 33, 37, 25, 19, 28, 27, 27, 36, 44, 44, 49, 46, 44, 49, 42),
(1040, 9, 46, 34, 46, 9, 15, 12, 9, 26, 21, 58, 44, 57, 18, 66, 71, 51, 54, 65, 40, 31, 29, 39, 58, 54, 61, 65, 64, 64, 65, 65),
(1041, 11, 40, 34, 38, 11, 12, 10, 8, 20, 18, 52, 43, 55, 14, 59, 59, 51, 52, 49, 35, 44, 41, 46, 53, 57, 58, 67, 62, 60, 61, 59),
(1042, 53, 75, 74, 75, 81, 79, 88, 81, 66, 62, 75, 71, 80, 79, 75, 80, 86, 82, 70, 76, 87, 85, 84, 77, 82, 74, 12, 11, 8, 10, 8),
(1043, 49, 79, 77, 74, 91, 61, 51, 90, 89, 56, 82, 75, 91, 68, 86, 91, 86, 86, 82, 87, 85, 84, 84, 92, 78, 90, 11, 12, 12, 13, 13),
(1044, 47, 69, 68, 67, 76, 74, 80, 74, 58, 55, 69, 65, 75, 71, 67, 72, 75, 75, 64, 71, 74, 78, 76, 68, 75, 67, 9, 12, 8, 11, 10),
(1045, 51, 71, 70, 71, 85, 73, 78, 85, 65, 60, 76, 69, 81, 75, 72, 77, 80, 81, 69, 75, 83, 83, 81, 75, 77, 72, 11, 9, 12, 12, 8),
(1046, 49, 78, 76, 73, 88, 60, 48, 95, 92, 56, 83, 73, 95, 67, 88, 95, 82, 85, 88, 88, 77, 78, 83, 92, 77, 90, 11, 10, 11, 11, 12),
(1047, 52, 74, 73, 73, 87, 79, 80, 85, 66, 64, 77, 72, 85, 77, 77, 81, 83, 81, 76, 76, 81, 83, 85, 79, 79, 76, 10, 10, 11, 12, 9),
(1048, 38, 66, 69, 67, 83, 49, 36, 80, 81, 42, 71, 62, 82, 59, 72, 75, 74, 77, 71, 80, 73, 72, 73, 85, 68, 79, 12, 11, 11, 12, 9),
(1049, 39, 71, 70, 65, 87, 50, 38, 83, 81, 46, 77, 64, 85, 62, 75, 80, 78, 78, 76, 82, 78, 73, 75, 84, 71, 82, 12, 9, 9, 8, 8),
(1050, 33, 53, 46, 44, 42, 40, 32, 38, 30, 42, 42, 52, 45, 44, 42, 40, 44, 50, 33, 38, 43, 42, 48, 35, 48, 37, 5, 8, 7, 6, 5),
(1051, 62, 89, 83, 85, 95, 73, 64, 95, 83, 71, 89, 83, 95, 76, 88, 93, 90, 90, 82, 95, 84, 84, 90, 95, 81, 86, 9, 10, 11, 10, 13),
(1052, 69, 87, 79, 86, 79, 82, 70, 77, 65, 74, 85, 83, 78, 80, 82, 82, 89, 88, 81, 75, 73, 70, 89, 76, 79, 71, 8, 12, 11, 11, 9),
(1053, 95, 95, 95, 95, 59, 95, 85, 58, 65, 92, 89, 95, 81, 95, 91, 85, 87, 88, 82, 72, 80, 87, 84, 77, 91, 76, 12, 9, 12, 13, 9),
(1054, 80, 94, 93, 94, 94, 88, 81, 88, 75, 91, 95, 94, 91, 92, 93, 92, 95, 95, 91, 87, 86, 85, 95, 88, 91, 86, 13, 12, 14, 14, 13),
(1055, 58, 58, 60, 58, 28, 62, 51, 25, 33, 53, 57, 59, 45, 61, 57, 54, 52, 55, 54, 41, 51, 50, 48, 44, 59, 43, 8, 8, 6, 7, 5),
(1056, 47, 80, 73, 76, 89, 67, 56, 87, 72, 58, 83, 77, 89, 67, 79, 86, 89, 86, 79, 79, 65, 65, 84, 80, 69, 73, 12, 10, 10, 9, 10),
(1057, 57, 83, 84, 80, 93, 72, 64, 90, 77, 66, 88, 82, 88, 75, 82, 88, 90, 90, 79, 90, 80, 79, 90, 84, 81, 84, 13, 10, 12, 11, 11),
(1058, 72, 72, 74, 79, 44, 80, 83, 41, 54, 73, 74, 72, 67, 79, 70, 70, 72, 72, 65, 59, 82, 82, 76, 60, 81, 65, 12, 9, 9, 8, 12),
(1059, 86, 84, 88, 87, 53, 90, 87, 50, 61, 84, 79, 87, 79, 92, 82, 78, 84, 84, 73, 71, 94, 94, 88, 72, 95, 74, 13, 13, 13, 12, 11),
(1060, 53, 56, 60, 59, 23, 61, 62, 23, 34, 53, 56, 56, 52, 58, 55, 50, 55, 53, 46, 44, 63, 63, 58, 45, 61, 46, 6, 6, 9, 8, 6),
(1061, 88, 89, 89, 93, 57, 95, 95, 53, 67, 85, 87, 89, 82, 95, 86, 86, 87, 89, 79, 77, 95, 95, 88, 74, 95, 79, 10, 9, 11, 12, 13),
(1062, 79, 74, 79, 83, 45, 86, 80, 44, 56, 76, 78, 76, 74, 84, 78, 76, 79, 75, 69, 67, 86, 86, 78, 64, 85, 69, 9, 12, 9, 8, 8),
(1063, 93, 69, 85, 84, 48, 75, 46, 44, 85, 68, 80, 73, 79, 89, 82, 78, 87, 79, 68, 87, 89, 86, 85, 81, 85, 86, 12, 12, 12, 11, 10),
(1064, 95, 64, 83, 84, 43, 78, 48, 41, 88, 75, 83, 71, 76, 95, 95, 85, 81, 75, 80, 81, 78, 79, 80, 83, 83, 84, 13, 9, 11, 13, 13),
(1065, 11, 44, 41, 48, 8, 22, 11, 12, 26, 23, 58, 46, 63, 22, 65, 67, 59, 61, 55, 43, 50, 47, 50, 62, 63, 63, 72, 65, 67, 69, 65),
(1066, 5, 31, 23, 30, 5, 12, 5, 5, 12, 12, 37, 29, 43, 12, 39, 41, 39, 41, 31, 21, 32, 33, 31, 43, 47, 43, 51, 46, 46, 49, 49),
(1067, 8, 37, 31, 39, 8, 12, 7, 9, 21, 16, 47, 42, 54, 14, 55, 54, 48, 52, 47, 35, 41, 41, 41, 55, 59, 54, 62, 57, 60, 59, 59),
(1068, 10, 55, 46, 53, 14, 22, 12, 14, 32, 31, 62, 51, 65, 27, 71, 68, 60, 66, 63, 47, 53, 53, 53, 64, 70, 69, 72, 72, 72, 74, 75),
(1069, 53, 75, 74, 71, 86, 75, 80, 86, 67, 60, 75, 68, 84, 76, 76, 79, 86, 82, 71, 77, 83, 82, 82, 78, 78, 76, 12, 9, 11, 12, 11),
(1070, 39, 68, 70, 68, 83, 49, 41, 83, 83, 45, 76, 66, 85, 58, 75, 79, 74, 79, 74, 78, 75, 75, 73, 79, 71, 81, 10, 9, 11, 12, 11),
(1071, 51, 84, 82, 80, 91, 59, 50, 94, 90, 56, 85, 75, 90, 71, 88, 90, 87, 88, 85, 87, 81, 81, 87, 91, 78, 91, 13, 10, 13, 9, 9),
(1072, 35, 64, 66, 64, 83, 46, 35, 80, 78, 41, 72, 59, 78, 55, 73, 75, 70, 70, 71, 79, 69, 66, 70, 82, 64, 77, 11, 11, 7, 9, 7),
(1073, 36, 59, 55, 54, 66, 62, 67, 68, 46, 45, 61, 52, 66, 62, 63, 63, 69, 64, 58, 61, 65, 62, 67, 59, 62, 58, 9, 9, 9, 8, 8),
(1074, 43, 64, 65, 66, 73, 72, 79, 75, 59, 56, 71, 64, 72, 70, 67, 70, 74, 75, 64, 68, 77, 76, 78, 70, 74, 67, 10, 10, 11, 7, 8),
(1075, 45, 69, 66, 66, 77, 71, 74, 77, 57, 55, 67, 62, 77, 70, 67, 69, 77, 77, 59, 74, 79, 79, 80, 71, 78, 67, 9, 12, 10, 11, 10),
(1076, 39, 68, 70, 69, 83, 49, 41, 83, 81, 47, 74, 64, 85, 59, 79, 82, 76, 76, 77, 77, 75, 77, 76, 84, 70, 82, 10, 9, 12, 8, 8),
(1077, 45, 70, 71, 70, 78, 71, 79, 79, 61, 59, 70, 66, 76, 72, 66, 72, 79, 79, 63, 74, 83, 81, 81, 70, 77, 68, 11, 8, 8, 11, 12),
(1078, 72, 80, 77, 80, 48, 78, 69, 42, 53, 79, 73, 81, 69, 76, 73, 68, 70, 75, 64, 57, 72, 74, 70, 61, 78, 66, 12, 9, 10, 8, 11),
(1079, 45, 66, 64, 64, 76, 55, 49, 77, 63, 54, 71, 67, 72, 59, 66, 71, 74, 73, 64, 74, 62, 61, 74, 68, 66, 66, 11, 11, 10, 9, 7),
(1080, 59, 88, 82, 83, 88, 73, 63, 90, 80, 70, 88, 84, 88, 75, 80, 86, 90, 88, 76, 87, 83, 79, 89, 86, 83, 83, 10, 11, 10, 11, 9),
(1081, 23, 47, 44, 43, 58, 37, 26, 52, 43, 33, 54, 45, 52, 37, 49, 57, 53, 50, 52, 51, 39, 35, 47, 48, 41, 46, 9, 8, 8, 5, 7),
(1082, 78, 95, 95, 95, 86, 92, 80, 87, 78, 94, 95, 95, 91, 93, 95, 91, 95, 95, 89, 83, 86, 84, 95, 88, 88, 82, 12, 10, 10, 13, 13),
(1083, 50, 70, 63, 64, 56, 60, 51, 59, 46, 60, 68, 69, 62, 57, 65, 63, 62, 65, 63, 54, 53, 53, 65, 56, 60, 55, 7, 9, 7, 10, 10),
(1084, 58, 85, 79, 80, 93, 72, 60, 92, 78, 66, 87, 85, 92, 74, 85, 89, 90, 87, 79, 86, 77, 80, 89, 90, 78, 84, 10, 9, 10, 13, 9),
(1085, 77, 71, 77, 82, 43, 84, 85, 38, 52, 77, 71, 72, 69, 79, 73, 69, 72, 72, 64, 62, 83, 82, 78, 63, 82, 62, 8, 12, 9, 8, 9),
(1086, 53, 49, 56, 55, 21, 61, 56, 20, 30, 47, 44, 50, 47, 55, 47, 44, 51, 51, 32, 37, 62, 61, 55, 39, 64, 41, 9, 9, 5, 6, 6),
(1087, 82, 84, 87, 89, 50, 89, 91, 49, 62, 82, 82, 85, 81, 89, 80, 78, 85, 82, 72, 70, 94, 93, 88, 72, 92, 72, 12, 10, 12, 10, 12),
(1088, 82, 82, 83, 84, 48, 87, 90, 46, 59, 77, 81, 80, 77, 86, 81, 79, 84, 81, 71, 70, 90, 89, 84, 71, 89, 73, 9, 12, 12, 11, 13),
(1089, 74, 70, 73, 75, 39, 79, 74, 37, 48, 68, 70, 72, 67, 75, 69, 68, 70, 72, 61, 60, 78, 80, 73, 59, 78, 59, 7, 9, 8, 10, 8),
(1090, 78, 78, 78, 81, 44, 86, 85, 42, 56, 75, 75, 76, 74, 81, 76, 74, 80, 79, 70, 66, 86, 85, 81, 66, 85, 67, 9, 12, 12, 9, 10),
(1091, 91, 70, 89, 85, 44, 78, 47, 44, 90, 69, 84, 71, 76, 94, 90, 82, 89, 80, 74, 85, 86, 84, 83, 89, 83, 91, 10, 9, 12, 12, 10),
(1092, 80, 60, 76, 77, 37, 68, 39, 32, 77, 56, 68, 60, 69, 80, 74, 66, 73, 65, 56, 73, 80, 81, 74, 71, 77, 76, 11, 12, 11, 10, 10),
(1093, 5, 22, 18, 22, 5, 12, 5, 5, 12, 12, 31, 25, 38, 12, 38, 40, 33, 37, 27, 22, 28, 30, 31, 38, 46, 44, 48, 44, 43, 47, 43),
(1094, 14, 81, 65, 77, 16, 43, 17, 16, 51, 47, 82, 71, 84, 46, 93, 91, 82, 86, 81, 66, 70, 69, 72, 83, 89, 90, 90, 92, 90, 92, 95),
(1095, 5, 25, 19, 24, 7, 12, 5, 5, 12, 12, 33, 26, 42, 12, 37, 41, 34, 40, 26, 22, 27, 30, 28, 36, 44, 43, 49, 47, 42, 47, 42),
(1096, 12, 43, 37, 43, 10, 15, 11, 8, 25, 20, 50, 47, 60, 18, 55, 59, 54, 59, 46, 39, 50, 49, 47, 58, 63, 63, 66, 64, 62, 64, 66),
(1097, 12, 35, 37, 33, 48, 18, 12, 52, 49, 14, 39, 30, 51, 29, 38, 43, 41, 42, 35, 43, 47, 45, 45, 45, 40, 51, 7, 6, 8, 6, 8),
(1098, 45, 75, 74, 71, 86, 53, 42, 87, 84, 48, 74, 67, 86, 61, 80, 79, 79, 81, 76, 80, 74, 78, 78, 85, 74, 84, 10, 11, 9, 10, 9),
(1099, 42, 67, 72, 68, 87, 51, 41, 84, 83, 48, 74, 66, 82, 60, 74, 76, 76, 79, 70, 84, 76, 73, 74, 84, 73, 84, 9, 12, 9, 9, 8),
(1100, 44, 66, 64, 67, 73, 70, 77, 72, 56, 55, 68, 61, 73, 70, 65, 68, 77, 74, 62, 69, 79, 77, 76, 67, 75, 66, 11, 9, 10, 9, 8),
(1101, 43, 65, 64, 63, 77, 67, 73, 76, 53, 53, 67, 62, 71, 67, 64, 72, 75, 74, 62, 66, 72, 71, 75, 69, 71, 62, 10, 9, 9, 7, 11),
(1102, 25, 56, 57, 53, 70, 34, 26, 68, 72, 30, 62, 48, 66, 45, 60, 65, 61, 64, 62, 70, 60, 57, 62, 73, 56, 68, 6, 6, 8, 8, 7),
(1103, 24, 51, 52, 49, 62, 34, 21, 63, 62, 26, 60, 47, 65, 42, 63, 65, 59, 61, 63, 58, 54, 50, 54, 66, 49, 63, 6, 8, 6, 8, 9),
(1104, 12, 40, 39, 39, 50, 17, 12, 50, 51, 15, 35, 31, 47, 26, 40, 41, 45, 44, 32, 44, 42, 43, 42, 46, 41, 48, 5, 7, 8, 8, 5),
(1105, 48, 70, 70, 69, 83, 74, 80, 83, 61, 58, 72, 68, 81, 74, 71, 75, 80, 78, 66, 76, 84, 83, 82, 74, 81, 71, 12, 11, 12, 10, 11),
(1106, 67, 79, 77, 84, 73, 78, 66, 73, 64, 74, 77, 80, 77, 79, 78, 77, 81, 81, 70, 70, 73, 76, 83, 72, 77, 72, 9, 8, 10, 12, 9),
(1107, 34, 54, 48, 48, 40, 41, 34, 40, 30, 43, 44, 52, 44, 44, 40, 40, 44, 46, 37, 40, 40, 43, 49, 41, 45, 37, 7, 8, 7, 7, 8),
(1108, 72, 84, 83, 84, 81, 78, 69, 79, 68, 80, 80, 82, 79, 79, 80, 79, 89, 87, 74, 73, 77, 81, 92, 75, 80, 75, 10, 11, 10, 11, 10),
(1109, 85, 85, 84, 84, 53, 84, 78, 50, 58, 83, 79, 84, 71, 86, 82, 76, 77, 79, 74, 65, 79, 78, 76, 68, 82, 69, 9, 12, 9, 10, 9),
(1110, 39, 70, 65, 65, 73, 56, 44, 71, 63, 51, 70, 69, 73, 54, 67, 72, 70, 68, 66, 66, 59, 61, 70, 67, 63, 63, 9, 9, 10, 7, 7),
(1111, 54, 69, 64, 66, 62, 63, 53, 60, 49, 63, 68, 68, 63, 61, 70, 66, 71, 67, 64, 57, 55, 55, 70, 62, 62, 55, 9, 7, 9, 8, 8),
(1112, 34, 64, 60, 58, 67, 47, 39, 64, 57, 47, 61, 64, 66, 53, 58, 62, 65, 63, 53, 64, 57, 58, 66, 64, 61, 57, 6, 7, 10, 10, 6),
(1113, 62, 84, 74, 78, 71, 74, 62, 71, 58, 71, 78, 80, 74, 74, 74, 75, 75, 79, 70, 67, 67, 68, 77, 68, 74, 69, 9, 12, 10, 9, 8),
(1114, 49, 52, 53, 59, 20, 66, 57, 19, 30, 48, 53, 54, 48, 55, 62, 55, 50, 52, 48, 37, 45, 47, 45, 48, 51, 41, 7, 5, 9, 8, 5),
(1115, 70, 67, 70, 73, 37, 77, 76, 35, 47, 66, 64, 71, 63, 71, 65, 60, 67, 66, 53, 56, 77, 77, 71, 54, 80, 57, 9, 10, 9, 8, 7),
(1116, 58, 55, 57, 61, 23, 61, 66, 21, 32, 59, 64, 61, 49, 63, 59, 57, 58, 53, 52, 45, 53, 55, 55, 43, 59, 44, 6, 7, 7, 7, 6),
(1117, 74, 74, 73, 75, 40, 79, 82, 40, 53, 72, 71, 72, 69, 76, 68, 65, 71, 70, 58, 60, 80, 81, 75, 62, 80, 62, 8, 10, 9, 10, 9),
(1118, 78, 76, 81, 84, 44, 84, 85, 44, 55, 75, 74, 78, 73, 79, 77, 72, 76, 79, 68, 65, 86, 83, 82, 64, 86, 66, 11, 11, 9, 10, 11),
(1119, 82, 59, 78, 76, 36, 69, 36, 35, 78, 60, 72, 62, 70, 80, 76, 71, 78, 71, 61, 77, 75, 74, 73, 73, 73, 75, 9, 8, 8, 12, 8),
(1120, 86, 62, 76, 78, 37, 72, 41, 35, 85, 60, 76, 64, 69, 83, 82, 75, 76, 68, 70, 75, 73, 70, 72, 82, 70, 88, 11, 9, 10, 8, 10),
(1121, 65, 42, 59, 60, 18, 48, 20, 19, 71, 42, 59, 47, 49, 65, 64, 56, 53, 51, 52, 53, 45, 49, 54, 65, 54, 70, 6, 7, 9, 9, 10),
(1122, 11, 50, 42, 50, 10, 22, 8, 11, 26, 25, 55, 47, 61, 22, 61, 62, 57, 58, 51, 43, 52, 51, 48, 61, 65, 65, 70, 65, 64, 69, 70),
(1123, 8, 22, 16, 22, 5, 12, 5, 7, 12, 12, 30, 28, 39, 12, 36, 39, 35, 37, 27, 18, 29, 28, 29, 36, 47, 43, 48, 47, 44, 48, 41),
(1124, 10, 55, 46, 55, 10, 23, 12, 12, 33, 30, 63, 53, 68, 26, 71, 69, 61, 66, 63, 46, 51, 54, 54, 67, 67, 67, 71, 72, 70, 70, 72),
(1125, 8, 25, 19, 29, 8, 12, 5, 8, 12, 12, 42, 28, 42, 12, 48, 51, 37, 39, 43, 24, 23, 21, 25, 39, 41, 43, 50, 49, 48, 51, 48),
(1126, 42, 68, 67, 67, 74, 70, 78, 71, 59, 55, 69, 60, 75, 72, 69, 70, 75, 75, 66, 72, 73, 77, 78, 70, 70, 65, 10, 10, 11, 7, 8),
(1127, 45, 67, 65, 64, 78, 71, 73, 78, 57, 54, 67, 62, 74, 73, 67, 70, 76, 75, 62, 70, 78, 77, 76, 72, 76, 67, 8, 9, 8, 12, 8),
(1128, 31, 64, 61, 57, 71, 41, 27, 71, 71, 37, 58, 54, 69, 47, 62, 65, 63, 67, 56, 65, 63, 63, 67, 68, 62, 72, 8, 8, 9, 8, 7),
(1129, 38, 64, 69, 66, 85, 49, 35, 78, 82, 44, 74, 63, 81, 55, 73, 78, 74, 75, 71, 77, 68, 66, 72, 84, 67, 77, 11, 8, 8, 8, 12),
(1130, 30, 61, 62, 59, 72, 41, 32, 73, 75, 36, 66, 54, 75, 53, 68, 72, 67, 66, 66, 70, 66, 65, 65, 70, 60, 72, 10, 11, 7, 7, 10),
(1131, 28, 50, 53, 52, 63, 53, 59, 62, 43, 41, 57, 47, 62, 58, 57, 58, 63, 62, 57, 58, 61, 59, 61, 57, 57, 51, 9, 7, 9, 9, 9),
(1132, 28, 59, 56, 56, 76, 36, 30, 73, 72, 36, 64, 54, 70, 50, 62, 70, 65, 67, 64, 70, 59, 61, 65, 72, 56, 71, 11, 10, 9, 7, 10),
(1133, 22, 45, 42, 44, 52, 48, 50, 54, 34, 29, 48, 38, 51, 47, 48, 55, 55, 50, 47, 49, 46, 47, 50, 48, 45, 45, 8, 5, 6, 7, 8),
(1134, 79, 86, 82, 82, 51, 81, 77, 46, 55, 83, 77, 85, 69, 83, 80, 73, 77, 79, 69, 62, 79, 79, 73, 68, 81, 68, 11, 12, 11, 9, 11),
(1135, 85, 84, 86, 83, 52, 83, 74, 46, 58, 80, 78, 82, 71, 87, 79, 78, 76, 79, 72, 66, 75, 75, 75, 69, 81, 68, 8, 10, 12, 10, 11),
(1136, 46, 73, 70, 68, 74, 59, 51, 77, 66, 57, 73, 71, 77, 62, 72, 75, 74, 77, 67, 73, 67, 67, 74, 71, 67, 71, 8, 7, 8, 9, 10),
(1137, 49, 73, 71, 69, 80, 62, 50, 79, 65, 55, 74, 72, 77, 62, 72, 76, 79, 74, 65, 77, 71, 68, 75, 72, 70, 71, 9, 9, 7, 9, 8),
(1138, 59, 73, 73, 72, 72, 68, 61, 66, 54, 66, 73, 74, 70, 66, 72, 72, 78, 72, 68, 66, 66, 63, 80, 67, 70, 62, 10, 8, 8, 7, 10),
(1139, 31, 46, 45, 49, 41, 42, 32, 39, 28, 37, 43, 44, 42, 43, 39, 39, 42, 48, 34, 36, 40, 42, 48, 39, 44, 36, 5, 5, 5, 7, 5),
(1140, 58, 77, 68, 69, 66, 68, 59, 64, 53, 64, 74, 74, 67, 65, 68, 69, 69, 74, 67, 61, 61, 63, 70, 64, 67, 60, 11, 11, 10, 10, 11),
(1141, 25, 51, 46, 45, 59, 39, 27, 56, 43, 32, 51, 45, 55, 40, 51, 53, 52, 53, 48, 52, 44, 40, 54, 53, 47, 46, 9, 5, 7, 5, 6),
(1142, 58, 70, 67, 70, 62, 67, 57, 61, 50, 64, 71, 68, 68, 67, 68, 68, 67, 69, 65, 61, 61, 63, 71, 61, 63, 59, 7, 7, 8, 7, 9),
(1143, 48, 43, 51, 52, 14, 56, 49, 13, 23, 46, 39, 47, 42, 50, 41, 36, 47, 45, 29, 32, 57, 60, 50, 32, 57, 38, 9, 9, 7, 6, 6),
(1144, 43, 42, 45, 47, 12, 49, 48, 12, 22, 40, 37, 42, 40, 45, 36, 36, 44, 44, 27, 28, 53, 51, 45, 31, 51, 34, 8, 7, 5, 5, 5),
(1145, 64, 66, 66, 68, 34, 73, 74, 31, 45, 63, 63, 66, 62, 70, 60, 57, 66, 63, 51, 50, 73, 76, 69, 54, 73, 54, 10, 8, 9, 9, 11),
(1146, 73, 69, 74, 76, 36, 75, 74, 35, 47, 69, 66, 71, 66, 76, 67, 64, 72, 71, 59, 55, 75, 78, 72, 57, 74, 58, 10, 9, 9, 9, 9),
(1147, 74, 48, 70, 65, 28, 59, 30, 24, 73, 49, 64, 52, 59, 75, 68, 63, 67, 61, 56, 65, 68, 68, 65, 70, 68, 70, 10, 10, 11, 7, 9),
(1148, 76, 53, 70, 69, 30, 62, 31, 30, 75, 53, 70, 59, 65, 75, 77, 69, 69, 62, 64, 66, 69, 69, 68, 73, 67, 76, 11, 9, 11, 11, 7),
(1149, 82, 59, 76, 75, 34, 66, 36, 36, 84, 59, 77, 64, 68, 83, 82, 74, 70, 68, 68, 70, 72, 67, 72, 79, 71, 78, 11, 11, 12, 10, 9),
(1150, 64, 40, 58, 57, 15, 49, 18, 16, 58, 36, 57, 42, 46, 64, 67, 56, 51, 46, 52, 50, 47, 51, 49, 55, 49, 57, 5, 8, 9, 5, 6),
(1151, 8, 34, 26, 32, 8, 12, 9, 10, 12, 12, 45, 33, 49, 12, 49, 53, 43, 47, 43, 26, 34, 34, 38, 46, 51, 52, 56, 52, 50, 56, 53),
(1152, 11, 49, 43, 52, 11, 22, 10, 13, 30, 30, 62, 50, 67, 23, 65, 66, 59, 63, 57, 45, 50, 51, 53, 63, 65, 67, 70, 71, 70, 69, 72),
(1153, 8, 26, 17, 24, 7, 12, 7, 5, 12, 12, 32, 26, 38, 12, 36, 38, 36, 38, 26, 19, 29, 31, 31, 36, 44, 43, 47, 46, 42, 47, 43),
(1154, 8, 27, 21, 28, 5, 12, 5, 8, 12, 12, 35, 28, 44, 12, 42, 41, 36, 43, 31, 25, 32, 32, 34, 40, 49, 44, 48, 46, 46, 50, 51),
(1155, 12, 44, 38, 40, 50, 20, 12, 52, 53, 15, 48, 31, 49, 27, 49, 50, 46, 47, 48, 45, 40, 38, 45, 51, 37, 51, 6, 8, 8, 7, 7),
(1156, 12, 36, 37, 33, 50, 14, 12, 49, 47, 12, 37, 30, 48, 27, 37, 39, 40, 42, 33, 49, 42, 39, 39, 45, 39, 47, 8, 7, 7, 6, 8),
(1157, 26, 56, 54, 51, 67, 34, 27, 69, 66, 32, 61, 52, 70, 45, 61, 65, 63, 61, 61, 64, 61, 60, 61, 69, 57, 66, 6, 10, 6, 10, 7),
(1158, 26, 56, 56, 56, 67, 36, 22, 66, 64, 28, 60, 50, 68, 42, 61, 62, 61, 63, 59, 64, 53, 53, 57, 64, 53, 67, 6, 6, 10, 8, 8),
(1159, 33, 63, 62, 62, 78, 44, 36, 75, 76, 42, 69, 56, 77, 55, 69, 72, 68, 70, 70, 78, 66, 67, 68, 78, 62, 77, 10, 8, 11, 10, 10),
(1160, 38, 67, 67, 67, 82, 49, 40, 80, 79, 42, 71, 64, 84, 60, 73, 74, 75, 75, 70, 78, 76, 72, 71, 77, 70, 78, 11, 8, 11, 9, 12),
(1161, 68, 71, 70, 71, 38, 72, 64, 33, 46, 65, 67, 68, 56, 74, 67, 60, 62, 66, 57, 49, 64, 65, 60, 52, 66, 55, 10, 11, 10, 11, 7),
(1162, 53, 63, 64, 63, 47, 70, 69, 48, 45, 55, 64, 62, 63, 64, 61, 62, 67, 66, 56, 56, 70, 72, 70, 57, 70, 56, 7, 11, 10, 11, 7),
(1163, 51, 74, 71, 70, 82, 61, 53, 84, 71, 57, 77, 73, 79, 67, 71, 76, 81, 77, 68, 80, 72, 71, 81, 76, 72, 75, 12, 10, 11, 12, 11),
(1164, 55, 65, 64, 66, 51, 69, 71, 50, 48, 59, 65, 62, 64, 68, 64, 64, 70, 67, 57, 60, 77, 77, 71, 59, 75, 61, 11, 7, 7, 7, 10),
(1165, 65, 64, 67, 67, 35, 70, 59, 29, 42, 62, 63, 68, 53, 68, 63, 58, 61, 61, 54, 49, 59, 62, 60, 49, 63, 52, 10, 8, 6, 7, 8),
(1166, 28, 46, 41, 47, 38, 40, 32, 39, 26, 37, 39, 42, 41, 42, 40, 40, 43, 43, 30, 35, 41, 37, 46, 36, 41, 35, 8, 8, 5, 6, 5),
(1167, 66, 67, 66, 66, 32, 68, 60, 32, 40, 64, 63, 69, 55, 71, 63, 56, 58, 63, 52, 46, 59, 63, 60, 50, 69, 50, 10, 6, 9, 10, 10),
(1168, 42, 71, 65, 65, 69, 56, 45, 68, 60, 50, 69, 69, 73, 58, 66, 67, 70, 72, 60, 67, 62, 64, 73, 68, 62, 63, 11, 10, 9, 11, 8),
(1169, 47, 54, 57, 58, 44, 59, 62, 40, 42, 49, 55, 54, 57, 61, 54, 58, 59, 59, 50, 52, 62, 65, 61, 50, 63, 51, 7, 10, 9, 7, 7),
(1170, 48, 67, 63, 62, 60, 60, 51, 57, 46, 56, 68, 69, 59, 57, 61, 63, 61, 66, 56, 53, 57, 56, 63, 58, 59, 55, 7, 9, 7, 9, 6),
(1171, 45, 56, 57, 56, 41, 61, 63, 38, 38, 46, 53, 51, 57, 58, 53, 54, 58, 60, 46, 49, 65, 66, 61, 51, 62, 50, 6, 8, 7, 6, 7),
(1172, 33, 43, 46, 44, 27, 46, 52, 27, 28, 35, 50, 40, 44, 45, 46, 49, 47, 46, 42, 38, 41, 43, 44, 36, 43, 39, 5, 6, 5, 8, 6),
(1173, 58, 37, 55, 53, 12, 45, 15, 13, 60, 35, 45, 38, 46, 56, 54, 44, 47, 42, 37, 51, 51, 53, 49, 53, 51, 56, 5, 7, 5, 7, 6),
(1174, 62, 34, 55, 53, 13, 43, 18, 12, 57, 36, 49, 38, 47, 62, 54, 45, 49, 43, 38, 49, 54, 55, 51, 50, 52, 55, 6, 9, 6, 6, 9),
(1175, 78, 55, 73, 69, 30, 65, 34, 28, 72, 54, 72, 60, 63, 78, 75, 69, 72, 65, 62, 72, 70, 71, 71, 73, 71, 73, 7, 11, 11, 11, 9),
(1176, 63, 42, 59, 56, 19, 51, 21, 17, 59, 39, 55, 47, 50, 63, 60, 58, 54, 48, 48, 56, 59, 61, 55, 57, 55, 59, 10, 9, 8, 8, 9),
(1177, 77, 55, 72, 71, 32, 65, 35, 30, 79, 57, 71, 58, 65, 77, 73, 66, 68, 66, 62, 70, 69, 69, 69, 74, 73, 78, 11, 7, 11, 8, 7),
(1178, 5, 34, 27, 35, 9, 12, 5, 7, 12, 12, 36, 35, 46, 12, 45, 46, 41, 45, 35, 27, 35, 37, 37, 43, 53, 51, 53, 52, 49, 52, 54),
(1179, 12, 54, 47, 56, 10, 27, 13, 11, 38, 32, 66, 56, 71, 30, 73, 73, 65, 71, 67, 49, 55, 55, 61, 70, 72, 75, 81, 75, 75, 79, 75),
(1180, 14, 61, 50, 62, 13, 28, 11, 14, 39, 35, 74, 59, 75, 31, 80, 80, 67, 71, 70, 56, 57, 57, 63, 75, 73, 76, 79, 79, 79, 80, 82),
(1181, 9, 39, 34, 36, 10, 12, 9, 7, 19, 17, 48, 41, 53, 12, 53, 55, 51, 50, 44, 33, 45, 44, 42, 50, 57, 54, 65, 61, 56, 61, 57),
(1182, 7, 33, 27, 32, 8, 12, 8, 7, 12, 12, 38, 33, 46, 12, 42, 46, 41, 47, 31, 25, 38, 36, 38, 45, 50, 48, 52, 51, 53, 53, 52),
(1183, 13, 42, 44, 41, 59, 27, 17, 57, 61, 21, 47, 40, 55, 34, 48, 51, 53, 51, 41, 55, 52, 49, 50, 60, 46, 55, 9, 7, 8, 8, 5),
(1184, 16, 46, 45, 40, 57, 24, 13, 60, 57, 22, 45, 37, 58, 36, 45, 50, 53, 53, 41, 55, 53, 52, 51, 53, 47, 56, 9, 9, 6, 6, 8),
(1185, 12, 45, 41, 39, 51, 20, 12, 53, 52, 17, 43, 36, 51, 29, 44, 44, 48, 47, 39, 51, 45, 47, 48, 49, 43, 51, 6, 8, 9, 9, 6),
(1186, 26, 55, 54, 52, 74, 38, 24, 71, 69, 34, 57, 51, 70, 46, 60, 62, 64, 63, 56, 70, 60, 57, 63, 71, 59, 68, 6, 10, 8, 9, 8),
(1187, 14, 42, 44, 41, 57, 23, 13, 59, 58, 21, 46, 37, 61, 36, 49, 52, 49, 54, 41, 54, 54, 53, 51, 56, 46, 56, 6, 7, 7, 9, 8),
(1188, 44, 66, 67, 68, 75, 73, 81, 77, 57, 58, 73, 62, 74, 75, 70, 73, 76, 75, 67, 70, 78, 76, 77, 70, 76, 68, 12, 10, 12, 8, 8),
(1189, 43, 67, 67, 68, 79, 68, 77, 77, 56, 57, 72, 61, 78, 73, 70, 73, 78, 75, 70, 71, 74, 75, 76, 72, 75, 65, 8, 12, 9, 8, 11),
(1190, 39, 65, 69, 65, 78, 46, 37, 82, 79, 45, 74, 62, 80, 59, 74, 77, 76, 74, 70, 76, 72, 73, 74, 77, 68, 79, 9, 11, 8, 10, 11),
(1191, 50, 73, 70, 72, 84, 74, 78, 80, 63, 57, 74, 65, 79, 77, 73, 78, 82, 80, 70, 75, 81, 82, 79, 72, 77, 73, 11, 8, 9, 8, 8),
(1192, 23, 51, 53, 48, 66, 34, 20, 63, 64, 28, 55, 48, 65, 42, 58, 60, 60, 57, 55, 62, 58, 54, 58, 65, 56, 62, 7, 6, 6, 8, 10),
(1193, 37, 59, 61, 60, 71, 62, 70, 72, 49, 48, 67, 58, 68, 64, 65, 69, 69, 69, 64, 62, 62, 65, 67, 63, 62, 60, 10, 11, 8, 9, 11),
(1194, 37, 70, 65, 68, 78, 46, 38, 81, 79, 41, 74, 62, 79, 57, 76, 79, 72, 75, 72, 76, 69, 68, 71, 77, 69, 79, 11, 8, 10, 10, 12),
(1195, 46, 58, 56, 56, 54, 52, 43, 54, 43, 53, 53, 58, 56, 54, 54, 53, 62, 62, 48, 48, 55, 55, 66, 49, 58, 50, 7, 8, 10, 7, 7),
(1196, 81, 77, 83, 82, 48, 89, 89, 48, 60, 78, 78, 80, 77, 85, 76, 74, 82, 78, 70, 67, 86, 89, 83, 68, 87, 71, 9, 8, 12, 8, 8),
(1197, 43, 68, 64, 66, 75, 54, 47, 73, 63, 50, 68, 67, 70, 58, 66, 69, 74, 69, 64, 71, 61, 64, 71, 69, 63, 65, 10, 10, 10, 8, 11),
(1198, 37, 54, 53, 49, 49, 48, 37, 47, 33, 44, 47, 53, 49, 48, 48, 46, 56, 54, 37, 45, 46, 48, 58, 42, 52, 44, 5, 7, 9, 5, 5),
(1199, 77, 81, 79, 78, 49, 80, 70, 44, 52, 77, 79, 82, 66, 81, 81, 76, 71, 74, 73, 58, 70, 71, 73, 66, 76, 64, 10, 10, 10, 11, 10),
(1200, 39, 58, 49, 51, 46, 45, 40, 43, 34, 45, 50, 55, 49, 48, 47, 46, 50, 52, 39, 42, 48, 47, 56, 44, 51, 44, 8, 7, 9, 9, 6),
(1201, 42, 57, 55, 55, 54, 50, 40, 49, 36, 51, 54, 57, 54, 52, 53, 51, 60, 57, 44, 45, 50, 53, 65, 49, 52, 47, 9, 9, 6, 7, 8),
(1202, 66, 83, 80, 83, 74, 82, 66, 76, 66, 75, 84, 84, 77, 78, 83, 79, 80, 82, 74, 72, 76, 72, 81, 77, 79, 70, 10, 8, 12, 12, 8),
(1203, 68, 72, 72, 72, 39, 70, 65, 36, 44, 69, 71, 71, 57, 75, 74, 68, 65, 65, 66, 50, 57, 59, 58, 54, 65, 55, 7, 10, 7, 7, 8),
(1204, 52, 82, 77, 72, 83, 66, 58, 83, 71, 63, 83, 80, 82, 68, 76, 83, 81, 83, 72, 77, 70, 70, 82, 77, 75, 74, 10, 11, 10, 12, 12),
(1205, 71, 72, 72, 75, 38, 79, 81, 39, 48, 69, 71, 73, 69, 73, 69, 66, 72, 71, 62, 61, 79, 79, 72, 58, 79, 63, 12, 10, 11, 8, 12),
(1206, 61, 38, 58, 55, 14, 48, 15, 14, 57, 37, 50, 42, 47, 66, 58, 48, 51, 46, 41, 49, 56, 54, 52, 55, 57, 56, 8, 5, 7, 7, 9),
(1207, 71, 73, 75, 76, 40, 78, 78, 38, 50, 70, 75, 74, 70, 74, 73, 73, 75, 71, 67, 60, 78, 77, 72, 62, 77, 64, 12, 8, 12, 11, 11),
(1208, 66, 69, 72, 74, 35, 75, 78, 34, 49, 64, 67, 69, 64, 70, 68, 65, 71, 66, 64, 55, 74, 75, 71, 55, 77, 60, 10, 8, 9, 8, 8),
(1209, 80, 53, 73, 74, 32, 64, 37, 30, 79, 56, 69, 57, 65, 78, 76, 72, 68, 64, 62, 69, 69, 67, 67, 77, 69, 77, 7, 7, 8, 11, 10),
(1210, 85, 60, 80, 75, 40, 70, 39, 38, 81, 58, 77, 63, 70, 89, 86, 74, 73, 70, 66, 74, 75, 74, 76, 76, 74, 75, 11, 10, 12, 8, 10),
(1211, 14, 52, 48, 53, 10, 22, 12, 13, 32, 30, 62, 55, 70, 28, 72, 70, 63, 68, 61, 49, 55, 51, 56, 69, 71, 69, 77, 74, 74, 73, 73),
(1212, 6, 41, 29, 38, 6, 12, 6, 6, 20, 14, 47, 40, 53, 12, 50, 50, 47, 51, 42, 35, 43, 41, 41, 50, 57, 53, 61, 56, 59, 60, 57),
(1213, 11, 52, 46, 53, 11, 23, 13, 12, 37, 34, 65, 53, 71, 29, 69, 74, 66, 65, 62, 50, 57, 52, 55, 69, 69, 72, 76, 76, 71, 75, 74),
(1214, 10, 55, 48, 56, 10, 24, 11, 13, 38, 34, 67, 55, 68, 30, 74, 73, 64, 67, 64, 50, 56, 54, 58, 71, 72, 72, 77, 75, 74, 76, 75),
(1215, 38, 62, 62, 59, 70, 63, 70, 72, 50, 46, 60, 56, 70, 64, 60, 62, 68, 66, 58, 65, 69, 72, 69, 64, 70, 61, 9, 9, 10, 7, 8),
(1216, 40, 66, 66, 63, 85, 47, 36, 79, 83, 42, 71, 61, 81, 57, 73, 76, 74, 77, 73, 82, 72, 71, 72, 85, 70, 81, 12, 8, 9, 11, 12),
(1217, 35, 61, 66, 59, 75, 42, 32, 78, 74, 38, 67, 57, 79, 55, 68, 75, 72, 73, 67, 72, 71, 66, 69, 76, 64, 74, 10, 10, 10, 10, 11),
(1218, 45, 69, 70, 66, 77, 72, 82, 73, 60, 54, 74, 66, 76, 73, 72, 77, 80, 76, 70, 71, 73, 77, 76, 71, 72, 69, 12, 8, 11, 12, 9),
(1219, 25, 50, 52, 48, 67, 32, 21, 67, 67, 28, 52, 49, 67, 43, 55, 57, 58, 62, 51, 67, 57, 56, 61, 66, 55, 66, 8, 6, 9, 10, 9),
(1220, 15, 48, 48, 45, 58, 28, 15, 61, 61, 24, 47, 43, 62, 35, 50, 52, 52, 53, 44, 57, 57, 56, 54, 58, 52, 58, 9, 8, 5, 7, 5),
(1221, 23, 52, 50, 50, 63, 31, 19, 65, 61, 25, 55, 45, 63, 41, 59, 58, 55, 57, 54, 57, 53, 52, 56, 63, 52, 64, 7, 10, 10, 8, 9),
(1222, 40, 67, 69, 67, 85, 46, 39, 81, 81, 43, 75, 60, 80, 60, 76, 77, 76, 75, 74, 81, 69, 68, 73, 84, 66, 80, 9, 10, 11, 11, 10),
(1223, 37, 63, 66, 63, 80, 47, 34, 79, 80, 41, 69, 58, 79, 56, 74, 76, 74, 72, 71, 76, 71, 70, 71, 77, 66, 80, 11, 12, 8, 8, 8),
(1224, 33, 69, 65, 65, 77, 47, 36, 77, 75, 42, 73, 61, 78, 53, 74, 75, 71, 70, 74, 72, 63, 62, 70, 75, 66, 77, 7, 9, 11, 10, 10),
(1225, 49, 69, 71, 68, 79, 74, 77, 81, 61, 57, 74, 63, 80, 73, 71, 73, 78, 76, 70, 75, 78, 79, 79, 71, 76, 69, 11, 9, 9, 10, 10),
(1226, 71, 82, 80, 80, 45, 78, 72, 40, 51, 78, 74, 83, 67, 75, 73, 71, 73, 72, 65, 59, 69, 71, 68, 64, 74, 65, 11, 9, 11, 12, 9),
(1227, 44, 64, 56, 59, 54, 51, 45, 49, 41, 53, 58, 63, 55, 53, 55, 54, 55, 58, 47, 48, 52, 55, 61, 49, 56, 50, 8, 5, 8, 9, 8),
(1228, 49, 65, 62, 60, 60, 58, 47, 56, 42, 56, 58, 61, 58, 56, 61, 57, 66, 62, 54, 51, 54, 58, 66, 56, 60, 51, 7, 10, 9, 8, 6),
(1229, 48, 76, 73, 72, 83, 64, 52, 81, 70, 56, 78, 71, 80, 66, 73, 79, 80, 77, 69, 80, 70, 71, 80, 76, 70, 72, 8, 12, 10, 8, 11),
(1230, 81, 75, 78, 82, 48, 84, 83, 42, 55, 77, 77, 80, 75, 84, 74, 76, 80, 79, 66, 64, 83, 85, 81, 66, 82, 68, 8, 9, 9, 8, 11),
(1231, 43, 69, 67, 67, 77, 58, 49, 76, 65, 53, 69, 67, 71, 60, 69, 71, 75, 70, 65, 73, 63, 64, 74, 72, 65, 65, 8, 10, 11, 9, 7),
(1232, 58, 71, 73, 74, 65, 70, 57, 67, 55, 67, 72, 73, 69, 70, 67, 69, 69, 73, 61, 64, 64, 64, 71, 65, 67, 62, 8, 7, 11, 9, 11),
(1233, 74, 74, 77, 73, 43, 74, 67, 37, 48, 73, 72, 73, 62, 77, 74, 65, 69, 73, 64, 55, 68, 70, 65, 57, 74, 61, 11, 9, 10, 10, 9),
(1234, 79, 54, 72, 72, 35, 65, 36, 33, 75, 54, 72, 58, 66, 81, 80, 71, 66, 62, 65, 67, 69, 73, 67, 73, 69, 74, 7, 8, 7, 11, 9),
(1235, 62, 64, 68, 66, 33, 71, 73, 30, 44, 62, 61, 62, 57, 65, 64, 62, 63, 65, 52, 53, 73, 71, 68, 50, 68, 54, 9, 11, 11, 10, 8),
(1236, 54, 50, 56, 58, 19, 61, 54, 17, 28, 47, 46, 51, 45, 55, 44, 46, 50, 51, 38, 39, 61, 62, 54, 40, 60, 40, 5, 6, 9, 9, 9),
(1237, 71, 47, 65, 64, 26, 58, 26, 24, 73, 46, 62, 51, 55, 71, 65, 58, 62, 57, 51, 63, 64, 64, 63, 66, 62, 67, 7, 11, 10, 10, 11),
(1238, 75, 51, 72, 67, 28, 58, 33, 27, 68, 52, 66, 57, 61, 76, 74, 63, 63, 60, 57, 63, 70, 69, 66, 69, 67, 68, 7, 10, 11, 11, 11),
(1239, 70, 66, 72, 76, 40, 76, 72, 37, 48, 65, 67, 71, 67, 73, 68, 64, 71, 70, 58, 55, 75, 77, 73, 59, 77, 62, 10, 8, 11, 8, 10),
(1240, 67, 41, 60, 58, 19, 55, 22, 17, 60, 45, 58, 48, 54, 65, 64, 55, 59, 50, 49, 56, 67, 64, 59, 58, 59, 61, 8, 9, 6, 6, 7),
(1241, 79, 56, 77, 74, 35, 65, 36, 34, 78, 58, 70, 61, 67, 79, 75, 69, 71, 63, 65, 68, 71, 69, 72, 77, 71, 77, 10, 11, 10, 9, 8),
(1242, 70, 41, 60, 58, 22, 50, 23, 18, 63, 43, 58, 47, 52, 69, 66, 54, 57, 53, 49, 55, 59, 63, 59, 59, 58, 58, 7, 9, 8, 8, 7),
(1243, 81, 59, 79, 79, 40, 69, 39, 37, 79, 62, 78, 66, 68, 81, 84, 77, 79, 70, 74, 75, 73, 73, 74, 79, 76, 77, 12, 10, 11, 9, 11),
(1244, 12, 64, 55, 63, 16, 34, 15, 12, 44, 39, 73, 62, 76, 37, 82, 83, 74, 76, 73, 56, 65, 61, 66, 76, 81, 79, 82, 84, 80, 82, 82),
(1245, 9, 39, 33, 40, 11, 12, 10, 9, 21, 17, 46, 39, 54, 12, 50, 54, 51, 53, 40, 36, 43, 44, 44, 52, 57, 57, 63, 60, 60, 62, 58),
(1246, 10, 47, 41, 50, 11, 22, 9, 8, 29, 24, 56, 47, 64, 22, 61, 62, 58, 59, 51, 43, 52, 47, 51, 60, 63, 66, 69, 68, 67, 67, 70),
(1247, 10, 56, 48, 54, 12, 27, 10, 11, 35, 36, 69, 58, 71, 30, 73, 75, 65, 69, 66, 50, 57, 57, 58, 68, 72, 74, 82, 75, 76, 76, 76),
(1248, 25, 47, 49, 47, 56, 53, 62, 58, 39, 39, 49, 43, 56, 55, 49, 53, 57, 58, 43, 53, 61, 62, 61, 51, 59, 47, 6, 6, 6, 8, 5),
(1249, 22, 52, 51, 47, 70, 32, 24, 66, 65, 30, 54, 44, 63, 41, 54, 58, 60, 60, 55, 66, 58, 54, 55, 69, 53, 63, 8, 8, 9, 8, 8),
(1250, 40, 69, 68, 65, 80, 50, 41, 81, 82, 48, 75, 64, 82, 59, 78, 79, 75, 75, 72, 79, 75, 73, 77, 81, 69, 83, 8, 9, 11, 10, 9),
(1251, 34, 67, 65, 63, 78, 45, 33, 75, 74, 41, 75, 56, 77, 56, 79, 80, 70, 72, 75, 73, 61, 58, 63, 78, 59, 75, 7, 10, 7, 9, 8),
(1252, 35, 61, 63, 62, 78, 45, 32, 75, 77, 41, 70, 59, 74, 53, 67, 72, 68, 71, 69, 74, 66, 65, 66, 80, 62, 76, 8, 8, 11, 9, 8),
(1253, 23, 51, 50, 49, 62, 30, 22, 65, 66, 26, 56, 44, 65, 40, 55, 59, 59, 57, 52, 62, 61, 57, 58, 63, 52, 66, 9, 8, 9, 8, 8),
(1254, 36, 67, 66, 67, 79, 48, 38, 78, 78, 42, 71, 58, 76, 57, 76, 75, 71, 72, 69, 75, 66, 67, 73, 80, 66, 77, 12, 12, 11, 9, 12),
(1255, 44, 65, 66, 63, 76, 66, 70, 75, 57, 53, 66, 58, 72, 70, 68, 68, 76, 71, 61, 68, 75, 71, 72, 67, 71, 63, 8, 9, 11, 10, 9),
(1256, 43, 62, 62, 63, 72, 69, 79, 70, 57, 50, 65, 62, 72, 69, 65, 69, 72, 72, 65, 66, 71, 71, 73, 68, 72, 62, 7, 11, 10, 10, 9),
(1257, 44, 64, 59, 60, 53, 55, 47, 52, 43, 55, 57, 62, 56, 52, 54, 52, 57, 61, 47, 48, 56, 56, 61, 52, 58, 48, 8, 8, 6, 7, 7),
(1258, 51, 64, 64, 64, 58, 58, 51, 56, 43, 58, 59, 63, 57, 58, 58, 60, 67, 62, 52, 53, 59, 59, 67, 56, 60, 51, 6, 8, 10, 9, 10),
(1259, 51, 67, 65, 68, 61, 63, 54, 62, 51, 63, 66, 69, 62, 64, 64, 65, 67, 67, 59, 58, 63, 59, 66, 62, 62, 57, 7, 7, 8, 11, 8),
(1260, 74, 81, 80, 77, 45, 80, 72, 42, 54, 77, 77, 81, 66, 76, 78, 71, 71, 77, 73, 59, 67, 72, 69, 63, 77, 65, 10, 8, 11, 10, 12),
(1261, 40, 55, 54, 53, 53, 51, 42, 51, 39, 48, 51, 56, 53, 51, 49, 49, 60, 56, 42, 47, 53, 49, 61, 46, 56, 44, 9, 7, 6, 7, 5),
(1262, 45, 59, 60, 61, 52, 57, 43, 54, 39, 52, 54, 61, 56, 54, 55, 52, 59, 58, 49, 51, 55, 53, 63, 52, 56, 49, 9, 9, 7, 9, 9),
(1263, 66, 86, 78, 78, 73, 75, 68, 75, 63, 74, 82, 84, 77, 75, 80, 78, 79, 83, 78, 71, 71, 68, 81, 72, 76, 70, 12, 10, 9, 10, 11),
(1264, 43, 71, 68, 65, 75, 58, 47, 71, 64, 51, 70, 67, 75, 56, 67, 71, 72, 72, 65, 72, 61, 64, 75, 68, 64, 67, 8, 8, 7, 11, 9),
(1265, 44, 68, 68, 65, 79, 56, 50, 78, 64, 51, 72, 65, 73, 57, 71, 73, 75, 75, 69, 74, 61, 64, 73, 69, 63, 67, 9, 8, 8, 11, 9),
(1266, 75, 82, 78, 77, 47, 77, 70, 45, 54, 76, 81, 84, 66, 79, 78, 74, 73, 77, 74, 60, 67, 66, 65, 62, 76, 66, 10, 9, 10, 9, 9),
(1267, 81, 77, 82, 79, 49, 82, 71, 46, 54, 74, 74, 80, 69, 81, 77, 69, 72, 78, 65, 60, 76, 74, 73, 65, 78, 65, 8, 9, 9, 11, 10),
(1268, 50, 77, 72, 68, 79, 61, 52, 75, 68, 55, 81, 72, 78, 62, 77, 80, 76, 76, 75, 76, 58, 61, 74, 72, 64, 70, 10, 12, 9, 9, 10),
(1269, 54, 64, 65, 65, 48, 67, 72, 47, 47, 56, 64, 61, 66, 67, 67, 64, 67, 69, 62, 58, 68, 72, 69, 56, 68, 58, 11, 7, 9, 7, 11),
(1270, 64, 78, 79, 75, 73, 72, 65, 73, 61, 74, 78, 76, 73, 74, 77, 76, 79, 81, 74, 68, 68, 72, 82, 73, 71, 66, 11, 8, 11, 8, 12),
(1271, 51, 67, 68, 67, 63, 65, 54, 61, 49, 62, 66, 66, 64, 65, 65, 65, 65, 68, 57, 59, 61, 59, 67, 58, 65, 58, 11, 8, 9, 10, 10),
(1272, 85, 63, 79, 78, 37, 74, 40, 35, 76, 62, 78, 64, 72, 82, 86, 79, 73, 68, 71, 75, 77, 80, 72, 78, 77, 78, 10, 12, 12, 10, 11),
(1273, 71, 70, 70, 74, 36, 75, 76, 35, 49, 67, 72, 71, 65, 73, 71, 69, 71, 69, 62, 55, 74, 75, 73, 58, 76, 61, 7, 8, 8, 11, 10),
(1274, 83, 57, 77, 74, 35, 66, 38, 31, 76, 55, 73, 59, 68, 86, 80, 70, 71, 68, 65, 70, 75, 71, 72, 75, 71, 76, 9, 8, 10, 8, 8),
(1275, 56, 35, 55, 52, 12, 44, 15, 12, 54, 36, 43, 38, 44, 57, 52, 43, 50, 46, 33, 52, 56, 52, 50, 47, 53, 50, 6, 9, 8, 6, 7),
(1276, 83, 61, 78, 79, 39, 74, 43, 38, 78, 60, 78, 66, 70, 82, 82, 79, 73, 70, 74, 74, 80, 79, 74, 79, 75, 78, 8, 10, 9, 8, 10),
(1277, 86, 61, 80, 79, 41, 68, 41, 38, 86, 60, 78, 64, 71, 85, 82, 78, 73, 72, 69, 75, 73, 72, 75, 80, 78, 83, 12, 9, 12, 11, 9),
(1278, 74, 69, 73, 73, 39, 79, 75, 38, 49, 66, 67, 69, 66, 76, 67, 68, 72, 71, 62, 60, 78, 79, 74, 61, 79, 61, 8, 10, 8, 10, 9),
(1279, 71, 71, 74, 79, 43, 82, 83, 42, 50, 73, 77, 75, 67, 78, 75, 72, 75, 73, 71, 60, 76, 75, 72, 65, 79, 64, 8, 10, 12, 8, 12),
(1280, 78, 56, 75, 74, 35, 65, 36, 32, 72, 57, 69, 59, 67, 76, 74, 72, 70, 62, 61, 71, 76, 76, 69, 70, 72, 70, 7, 11, 9, 7, 9),
(1281, 11, 57, 48, 55, 12, 28, 13, 14, 39, 37, 67, 57, 73, 32, 74, 77, 68, 68, 67, 51, 59, 58, 58, 72, 72, 72, 80, 78, 78, 78, 74),
(1282, 10, 54, 48, 54, 11, 27, 13, 12, 35, 34, 67, 54, 69, 29, 72, 77, 66, 66, 68, 50, 52, 53, 57, 67, 72, 70, 75, 76, 72, 75, 75),
(1283, 8, 27, 19, 29, 5, 12, 6, 6, 12, 12, 35, 30, 44, 12, 41, 39, 40, 41, 30, 21, 34, 34, 32, 37, 46, 47, 51, 46, 46, 49, 47),
(1284, 9, 46, 41, 47, 10, 22, 8, 11, 27, 26, 61, 46, 61, 22, 67, 72, 58, 60, 63, 42, 40, 41, 45, 59, 58, 65, 70, 65, 65, 67, 68),
(1285, 11, 37, 34, 40, 11, 12, 10, 10, 20, 18, 46, 39, 53, 12, 50, 50, 47, 54, 38, 35, 46, 44, 42, 49, 58, 55, 62, 57, 57, 60, 59),
(1286, 12, 38, 37, 34, 50, 21, 12, 53, 49, 13, 37, 32, 51, 29, 40, 45, 47, 46, 35, 48, 48, 47, 45, 48, 43, 53, 5, 5, 5, 5, 5),
(1287, 17, 39, 36, 39, 49, 40, 47, 50, 29, 24, 37, 32, 49, 44, 34, 39, 50, 46, 31, 41, 49, 51, 48, 40, 50, 37, 6, 5, 6, 8, 8),
(1288, 41, 64, 63, 64, 71, 72, 78, 71, 57, 52, 70, 59, 72, 70, 67, 71, 76, 72, 66, 69, 71, 71, 72, 69, 73, 67, 7, 11, 7, 11, 10),
(1289, 27, 49, 48, 49, 59, 52, 58, 59, 41, 38, 47, 46, 57, 52, 45, 51, 61, 56, 39, 55, 62, 60, 61, 48, 57, 50, 6, 5, 6, 5, 7),
(1290, 55, 28, 49, 45, 12, 39, 12, 12, 50, 31, 39, 35, 37, 54, 46, 41, 42, 39, 28, 43, 50, 48, 44, 45, 47, 47, 5, 6, 5, 5, 7),
(1291, 22, 45, 41, 40, 55, 46, 51, 52, 32, 32, 41, 38, 50, 46, 41, 43, 53, 50, 36, 45, 56, 54, 53, 43, 53, 45, 5, 6, 7, 5, 5),
(1292, 39, 63, 64, 63, 69, 68, 76, 68, 56, 52, 65, 59, 68, 69, 64, 69, 74, 70, 63, 68, 70, 73, 72, 65, 71, 64, 11, 10, 7, 8, 11),
(1293, 40, 69, 70, 70, 81, 48, 39, 83, 81, 43, 71, 62, 79, 56, 77, 76, 72, 73, 70, 74, 71, 67, 72, 78, 69, 79, 11, 10, 10, 10, 9),
(1294, 45, 68, 68, 63, 74, 74, 79, 72, 56, 52, 70, 63, 71, 71, 68, 75, 76, 75, 67, 68, 72, 71, 76, 67, 71, 65, 7, 7, 10, 10, 8),
(1295, 32, 63, 62, 62, 73, 43, 32, 77, 74, 38, 68, 58, 75, 51, 71, 73, 67, 72, 68, 70, 70, 68, 70, 74, 65, 74, 9, 9, 11, 9, 8),
(1296, 30, 64, 57, 59, 69, 38, 27, 74, 72, 37, 64, 55, 70, 48, 70, 71, 64, 66, 69, 65, 56, 58, 61, 70, 57, 71, 10, 8, 10, 11, 8),
(1297, 13, 41, 43, 39, 58, 24, 12, 57, 54, 17, 41, 34, 56, 32, 43, 50, 50, 51, 40, 55, 48, 44, 49, 58, 44, 52, 6, 7, 5, 6, 5),
(1298, 20, 45, 42, 40, 52, 47, 58, 50, 33, 33, 41, 37, 50, 48, 43, 44, 55, 53, 36, 48, 53, 53, 53, 43, 54, 41, 8, 9, 6, 6, 8),
(1299, 43, 64, 64, 65, 74, 70, 73, 78, 55, 52, 66, 59, 76, 70, 64, 69, 76, 73, 58, 71, 78, 77, 78, 65, 75, 65, 8, 7, 8, 10, 9),
(1300, 18, 47, 50, 49, 67, 31, 19, 64, 65, 24, 54, 45, 60, 38, 54, 56, 55, 58, 50, 63, 54, 52, 56, 64, 54, 64, 6, 9, 7, 6, 9),
(1301, 12, 35, 37, 33, 50, 15, 12, 51, 50, 13, 38, 33, 52, 27, 36, 43, 41, 45, 31, 43, 48, 43, 42, 46, 42, 50, 7, 7, 8, 5, 5),
(1302, 79, 84, 86, 82, 51, 85, 76, 47, 59, 80, 84, 86, 73, 81, 81, 79, 79, 79, 77, 64, 76, 74, 75, 69, 82, 68, 11, 12, 10, 8, 10),
(1303, 45, 64, 60, 59, 56, 56, 48, 53, 43, 55, 59, 62, 59, 58, 56, 57, 65, 63, 54, 50, 56, 56, 64, 54, 57, 49, 8, 6, 7, 10, 8),
(1304, 42, 72, 65, 66, 74, 57, 48, 72, 64, 52, 77, 72, 72, 57, 70, 75, 74, 71, 69, 73, 62, 64, 75, 72, 64, 67, 7, 10, 7, 8, 11),
(1305, 64, 81, 73, 76, 71, 71, 63, 70, 56, 70, 81, 81, 70, 70, 79, 77, 74, 75, 73, 66, 66, 66, 78, 67, 72, 68, 9, 9, 10, 9, 12),
(1306, 42, 71, 68, 63, 73, 57, 48, 72, 61, 51, 70, 68, 72, 60, 70, 71, 72, 73, 65, 72, 63, 61, 72, 69, 63, 67, 7, 11, 8, 10, 9),
(1307, 84, 88, 89, 87, 52, 89, 79, 51, 61, 85, 83, 88, 77, 87, 88, 82, 81, 81, 79, 67, 75, 76, 79, 70, 84, 72, 13, 9, 9, 13, 12),
(1308, 43, 60, 56, 57, 53, 54, 42, 50, 41, 49, 55, 63, 53, 50, 54, 53, 56, 60, 43, 49, 51, 52, 59, 49, 56, 49, 7, 6, 8, 8, 8),
(1309, 64, 38, 61, 58, 17, 50, 22, 14, 64, 42, 49, 45, 51, 63, 55, 50, 52, 47, 42, 55, 56, 55, 53, 57, 59, 61, 6, 10, 6, 9, 10),
(1310, 55, 28, 50, 45, 12, 39, 12, 12, 50, 27, 41, 34, 39, 58, 47, 40, 40, 40, 27, 42, 49, 51, 45, 45, 46, 46, 7, 5, 5, 7, 8),
(1311, 66, 66, 67, 70, 35, 71, 68, 30, 42, 64, 63, 64, 63, 70, 60, 59, 67, 66, 54, 53, 75, 73, 67, 55, 74, 58, 11, 7, 7, 9, 7),
(1312, 56, 34, 55, 50, 12, 46, 13, 12, 52, 34, 47, 41, 45, 59, 50, 47, 50, 46, 37, 51, 58, 56, 49, 48, 51, 54, 7, 5, 7, 9, 9),
(1313, 81, 77, 81, 83, 48, 89, 88, 45, 56, 79, 79, 81, 77, 85, 77, 77, 82, 81, 71, 67, 89, 85, 80, 67, 87, 68, 8, 10, 10, 10, 8),
(1314, 75, 49, 71, 65, 27, 60, 31, 28, 68, 51, 71, 54, 62, 78, 78, 68, 65, 58, 65, 65, 60, 59, 62, 68, 61, 65, 8, 8, 8, 7, 9),
(1315, 71, 72, 72, 73, 41, 79, 76, 37, 50, 67, 72, 71, 65, 76, 69, 68, 73, 68, 64, 59, 74, 76, 73, 58, 77, 63, 11, 8, 9, 8, 10),
(1316, 80, 58, 74, 74, 32, 67, 37, 31, 72, 54, 74, 60, 64, 81, 83, 77, 69, 64, 70, 72, 69, 70, 66, 74, 69, 73, 10, 8, 9, 12, 12),
(1317, 62, 38, 56, 53, 14, 45, 16, 16, 60, 40, 51, 44, 50, 60, 55, 47, 50, 45, 42, 52, 52, 52, 53, 59, 57, 60, 5, 9, 9, 9, 9),
(1318, 13, 56, 45, 52, 13, 26, 14, 10, 36, 30, 63, 54, 66, 28, 69, 73, 61, 64, 61, 49, 52, 53, 54, 69, 69, 68, 76, 71, 72, 72, 74),
(1319, 11, 51, 42, 50, 10, 22, 13, 11, 34, 30, 64, 54, 64, 24, 67, 67, 60, 65, 62, 48, 53, 51, 53, 67, 69, 67, 76, 71, 68, 72, 70),
(1320, 11, 55, 49, 54, 11, 25, 14, 13, 33, 32, 63, 57, 69, 25, 65, 69, 66, 67, 57, 50, 56, 56, 60, 69, 71, 73, 77, 72, 71, 73, 73),
(1321, 8, 26, 23, 30, 7, 12, 5, 8, 12, 12, 36, 29, 45, 12, 40, 41, 40, 40, 30, 22, 34, 33, 32, 41, 49, 44, 53, 48, 47, 49, 46),
(1322, 21, 46, 48, 45, 59, 29, 21, 61, 60, 27, 54, 45, 62, 39, 55, 58, 55, 54, 50, 57, 58, 53, 55, 61, 51, 62, 6, 7, 10, 9, 8),
(1323, 33, 66, 63, 67, 75, 43, 36, 77, 78, 40, 70, 61, 78, 53, 73, 75, 70, 74, 71, 73, 65, 64, 71, 75, 65, 79, 10, 9, 7, 9, 8),
(1324, 34, 63, 66, 60, 82, 43, 33, 80, 81, 42, 69, 59, 77, 54, 72, 75, 71, 70, 71, 78, 65, 64, 68, 79, 66, 76, 10, 9, 8, 11, 8),
(1325, 32, 63, 64, 62, 77, 42, 32, 76, 75, 41, 72, 57, 77, 52, 70, 76, 70, 71, 69, 72, 69, 66, 67, 75, 63, 76, 10, 8, 7, 8, 9),
(1326, 17, 48, 45, 44, 56, 23, 17, 56, 55, 23, 45, 40, 58, 34, 48, 53, 50, 54, 43, 54, 51, 48, 53, 56, 48, 59, 8, 6, 9, 9, 6),
(1327, 41, 62, 60, 62, 73, 62, 70, 73, 50, 48, 66, 58, 70, 67, 65, 66, 72, 67, 61, 63, 72, 69, 72, 65, 68, 59, 11, 9, 11, 9, 8),
(1328, 33, 62, 65, 59, 74, 45, 34, 77, 78, 40, 69, 56, 79, 56, 70, 74, 70, 71, 67, 74, 72, 67, 70, 75, 62, 76, 9, 7, 8, 9, 7),
(1329, 38, 62, 61, 60, 72, 62, 71, 70, 51, 51, 64, 55, 70, 67, 62, 67, 70, 68, 60, 65, 70, 70, 73, 64, 66, 60, 8, 8, 10, 11, 11),
(1330, 39, 71, 71, 66, 87, 52, 41, 86, 87, 49, 78, 63, 81, 62, 77, 79, 75, 80, 77, 85, 73, 72, 76, 87, 73, 85, 12, 12, 8, 11, 8),
(1331, 33, 55, 56, 51, 67, 56, 60, 67, 45, 42, 57, 51, 65, 59, 55, 59, 62, 62, 51, 58, 63, 63, 63, 56, 60, 54, 6, 9, 9, 8, 7),
(1332, 33, 63, 60, 60, 73, 40, 32, 77, 74, 36, 68, 58, 74, 54, 71, 73, 66, 68, 67, 71, 62, 61, 69, 74, 64, 75, 9, 10, 9, 10, 7),
(1333, 43, 61, 61, 62, 73, 68, 69, 76, 54, 52, 68, 60, 72, 69, 63, 68, 73, 72, 61, 68, 71, 73, 71, 65, 71, 65, 7, 7, 7, 9, 8),
(1334, 30, 48, 49, 49, 57, 58, 63, 56, 42, 38, 52, 48, 56, 56, 49, 55, 59, 59, 48, 55, 62, 62, 62, 53, 56, 50, 8, 6, 6, 8, 7),
(1335, 46, 68, 66, 67, 76, 71, 76, 75, 56, 55, 71, 61, 76, 69, 69, 71, 74, 73, 65, 69, 75, 74, 78, 67, 74, 66, 11, 7, 11, 11, 7),
(1336, 74, 80, 80, 80, 45, 77, 68, 40, 53, 77, 79, 82, 66, 77, 81, 72, 73, 76, 75, 60, 67, 66, 66, 65, 75, 65, 11, 10, 12, 10, 8),
(1337, 71, 68, 73, 77, 38, 77, 78, 35, 50, 66, 71, 71, 64, 72, 70, 68, 71, 69, 63, 60, 77, 80, 75, 57, 79, 63, 9, 11, 8, 10, 7),
(1338, 80, 85, 82, 83, 50, 81, 75, 46, 58, 79, 79, 85, 71, 82, 80, 75, 74, 79, 75, 61, 75, 73, 73, 66, 82, 67, 10, 8, 8, 11, 11),
(1339, 37, 51, 52, 53, 47, 45, 37, 44, 36, 46, 49, 52, 46, 46, 47, 45, 53, 53, 40, 45, 48, 45, 57, 43, 50, 40, 5, 8, 7, 7, 8),
(1340, 36, 53, 49, 56, 47, 50, 36, 45, 36, 47, 46, 52, 50, 50, 48, 44, 51, 51, 41, 44, 45, 49, 54, 46, 48, 44, 9, 5, 9, 6, 6),
(1341, 61, 80, 72, 73, 65, 66, 61, 65, 55, 66, 77, 76, 68, 69, 74, 71, 71, 72, 65, 64, 63, 63, 76, 65, 66, 62, 9, 8, 8, 9, 9),
(1342, 47, 76, 70, 72, 78, 62, 52, 78, 67, 57, 78, 73, 77, 64, 71, 75, 80, 77, 72, 77, 69, 68, 77, 75, 67, 72, 11, 11, 9, 8, 12),
(1343, 69, 69, 73, 77, 38, 81, 77, 36, 50, 68, 70, 70, 66, 75, 72, 66, 70, 70, 60, 58, 80, 79, 72, 59, 80, 61, 10, 8, 8, 12, 11),
(1344, 81, 56, 78, 74, 37, 67, 39, 33, 75, 59, 74, 62, 66, 80, 80, 73, 70, 69, 68, 73, 80, 80, 73, 76, 71, 74, 8, 9, 8, 9, 8),
(1345, 78, 57, 73, 74, 32, 66, 34, 33, 79, 57, 73, 60, 64, 77, 78, 70, 70, 65, 66, 69, 70, 69, 69, 79, 71, 78, 10, 12, 9, 12, 8),
(1346, 64, 66, 67, 71, 31, 70, 74, 29, 42, 60, 63, 67, 59, 66, 60, 59, 67, 62, 52, 51, 76, 72, 67, 53, 73, 53, 7, 9, 11, 8, 8),
(1347, 73, 49, 71, 66, 31, 62, 33, 25, 78, 50, 68, 56, 62, 74, 73, 69, 69, 60, 62, 69, 59, 61, 68, 75, 65, 75, 7, 11, 9, 8, 9),
(1348, 6, 40, 29, 38, 7, 12, 7, 6, 18, 16, 44, 41, 51, 12, 49, 50, 47, 53, 39, 31, 45, 40, 40, 51, 60, 54, 61, 60, 55, 56, 61),
(1349, 11, 46, 44, 47, 9, 22, 12, 12, 32, 27, 66, 51, 63, 22, 69, 72, 60, 60, 65, 45, 46, 42, 46, 62, 61, 67, 75, 70, 67, 69, 67),
(1350, 6, 29, 20, 27, 5, 12, 7, 8, 12, 12, 33, 30, 42, 12, 41, 38, 35, 39, 27, 24, 33, 31, 32, 38, 46, 44, 50, 46, 46, 49, 47),
(1351, 7, 35, 28, 34, 6, 12, 6, 9, 15, 13, 45, 36, 50, 12, 50, 51, 47, 50, 39, 31, 41, 39, 39, 50, 56, 51, 62, 54, 56, 57, 52),
(1352, 7, 29, 19, 29, 5, 12, 7, 6, 12, 12, 32, 28, 41, 12, 39, 40, 37, 42, 30, 24, 34, 31, 30, 39, 46, 46, 48, 48, 44, 48, 46),
(1353, 10, 52, 45, 54, 13, 25, 10, 12, 36, 29, 63, 52, 67, 25, 70, 73, 61, 66, 64, 46, 55, 54, 58, 67, 69, 72, 76, 72, 73, 75, 72),
(1354, 13, 46, 45, 41, 59, 26, 17, 59, 60, 23, 45, 38, 55, 37, 48, 53, 49, 53, 44, 56, 52, 51, 52, 58, 50, 56, 8, 9, 9, 7, 7),
(1355, 36, 62, 65, 61, 77, 45, 32, 78, 77, 40, 69, 57, 80, 54, 71, 73, 68, 69, 69, 72, 71, 68, 67, 75, 63, 76, 7, 8, 7, 8, 7),
(1356, 31, 64, 65, 62, 73, 43, 31, 77, 73, 41, 70, 59, 76, 52, 72, 77, 69, 69, 72, 69, 64, 64, 66, 74, 65, 75, 10, 8, 8, 7, 7),
(1357, 44, 66, 66, 67, 79, 69, 75, 81, 57, 55, 73, 63, 78, 72, 71, 76, 77, 74, 72, 70, 77, 74, 77, 72, 73, 68, 11, 10, 12, 10, 11),
(1358, 44, 65, 69, 67, 76, 71, 78, 74, 59, 53, 73, 63, 75, 72, 72, 75, 79, 73, 71, 70, 72, 72, 74, 69, 73, 69, 12, 11, 9, 10, 10),
(1359, 31, 66, 62, 64, 76, 41, 31, 78, 75, 37, 66, 55, 75, 52, 72, 73, 68, 69, 68, 69, 62, 62, 68, 75, 62, 75, 10, 11, 8, 10, 7),
(1360, 12, 34, 38, 32, 50, 14, 12, 50, 51, 12, 36, 28, 49, 26, 38, 43, 44, 45, 32, 46, 44, 40, 43, 46, 38, 46, 5, 8, 6, 7, 5),
(1361, 26, 50, 51, 50, 60, 55, 56, 61, 40, 36, 49, 45, 58, 56, 51, 54, 59, 57, 47, 54, 61, 59, 61, 54, 59, 52, 10, 8, 6, 7, 7),
(1362, 44, 64, 64, 65, 76, 72, 78, 73, 55, 56, 67, 64, 75, 73, 67, 70, 77, 72, 67, 69, 76, 77, 76, 71, 70, 66, 11, 11, 11, 11, 11),
(1363, 55, 69, 66, 69, 65, 63, 53, 59, 48, 60, 68, 68, 65, 62, 67, 63, 72, 71, 58, 60, 60, 61, 71, 62, 67, 56, 8, 9, 10, 9, 10),
(1364, 69, 69, 68, 70, 36, 76, 76, 32, 46, 66, 69, 70, 64, 73, 70, 70, 66, 69, 62, 56, 70, 68, 64, 55, 71, 56, 10, 11, 11, 8, 8),
(1365, 59, 77, 72, 69, 66, 64, 57, 64, 51, 67, 75, 75, 69, 68, 71, 69, 68, 70, 65, 64, 62, 63, 72, 62, 67, 59, 8, 7, 11, 7, 9),
(1366, 46, 63, 59, 60, 55, 56, 46, 53, 40, 54, 58, 58, 58, 54, 56, 55, 62, 60, 52, 53, 54, 56, 66, 55, 58, 50, 9, 8, 6, 7, 8),
(1367, 64, 78, 75, 76, 72, 76, 62, 69, 59, 70, 76, 75, 73, 71, 77, 76, 77, 76, 72, 67, 66, 68, 78, 68, 69, 66, 8, 9, 10, 10, 9),
(1368, 39, 58, 52, 53, 45, 46, 40, 45, 36, 47, 48, 58, 47, 49, 48, 45, 53, 51, 42, 44, 47, 45, 56, 46, 52, 43, 9, 6, 5, 6, 9),
(1369, 34, 51, 46, 46, 46, 46, 37, 44, 29, 41, 42, 47, 47, 44, 43, 40, 53, 49, 36, 40, 46, 47, 57, 38, 46, 40, 5, 7, 7, 7, 5),
(1370, 70, 77, 73, 71, 39, 72, 63, 38, 48, 69, 70, 77, 63, 74, 71, 65, 66, 70, 64, 54, 64, 66, 67, 59, 72, 59, 7, 10, 8, 8, 7),
(1371, 47, 69, 70, 65, 80, 57, 47, 75, 66, 56, 75, 69, 74, 62, 73, 76, 77, 72, 72, 76, 62, 63, 73, 70, 67, 67, 9, 8, 11, 7, 7),
(1372, 42, 57, 59, 57, 57, 52, 44, 49, 39, 51, 53, 59, 54, 53, 52, 50, 61, 58, 46, 49, 53, 52, 66, 49, 55, 49, 6, 7, 8, 7, 6),
(1373, 61, 75, 75, 75, 68, 73, 60, 65, 56, 67, 76, 72, 70, 71, 77, 76, 72, 77, 70, 67, 63, 62, 74, 67, 71, 65, 8, 9, 8, 8, 11),
(1374, 45, 52, 51, 49, 15, 47, 43, 12, 21, 47, 38, 53, 35, 49, 41, 38, 42, 43, 31, 27, 45, 48, 41, 32, 49, 34, 6, 6, 8, 8, 8),
(1375, 54, 70, 67, 68, 64, 65, 52, 59, 48, 61, 68, 66, 65, 61, 66, 63, 70, 69, 58, 57, 64, 62, 71, 60, 66, 56, 10, 8, 9, 11, 8),
(1376, 81, 59, 76, 75, 36, 67, 39, 34, 74, 58, 75, 60, 66, 80, 79, 73, 70, 65, 68, 74, 78, 77, 72, 76, 71, 75, 8, 9, 9, 11, 11),
(1377, 53, 29, 47, 45, 12, 41, 12, 12, 56, 31, 41, 35, 41, 52, 45, 38, 44, 41, 32, 43, 46, 47, 46, 46, 48, 53, 5, 9, 6, 7, 5),
(1378, 64, 37, 59, 58, 19, 49, 19, 17, 59, 39, 49, 45, 48, 65, 56, 51, 54, 47, 38, 55, 61, 61, 52, 55, 57, 58, 9, 9, 6, 6, 9),
(1379, 78, 56, 78, 72, 36, 66, 35, 32, 75, 59, 74, 62, 66, 78, 76, 70, 73, 66, 66, 73, 74, 71, 72, 76, 73, 72, 10, 12, 11, 9, 12),
(1380, 83, 60, 75, 75, 34, 68, 39, 33, 76, 59, 77, 64, 69, 80, 79, 75, 73, 68, 69, 74, 75, 74, 70, 73, 72, 73, 8, 10, 8, 11, 11),
(1381, 59, 33, 52, 51, 14, 45, 14, 12, 57, 33, 47, 36, 44, 56, 50, 47, 48, 42, 34, 48, 52, 51, 50, 56, 54, 58, 5, 9, 6, 6, 7),
(1382, 14, 56, 46, 55, 11, 23, 11, 12, 36, 29, 64, 52, 69, 25, 70, 72, 63, 68, 61, 46, 52, 54, 54, 66, 71, 71, 75, 73, 71, 71, 76),
(1383, 10, 54, 46, 54, 10, 26, 11, 10, 36, 31, 66, 57, 72, 29, 70, 73, 66, 67, 62, 48, 55, 54, 57, 71, 73, 70, 81, 75, 76, 79, 74),
(1384, 12, 53, 44, 55, 12, 26, 10, 13, 35, 33, 65, 52, 69, 27, 69, 73, 61, 67, 61, 49, 53, 53, 56, 66, 71, 71, 73, 75, 73, 72, 74),
(1385, 8, 29, 23, 30, 9, 12, 5, 7, 12, 12, 38, 32, 46, 12, 44, 47, 40, 47, 33, 28, 34, 34, 36, 44, 53, 50, 54, 54, 50, 55, 49),
(1386, 11, 56, 49, 57, 13, 26, 12, 10, 35, 33, 67, 56, 70, 30, 73, 73, 65, 69, 69, 48, 56, 54, 59, 71, 72, 72, 75, 73, 74, 74, 75),
(1387, 38, 61, 62, 60, 70, 61, 67, 73, 50, 46, 65, 56, 68, 63, 61, 65, 70, 68, 58, 62, 70, 69, 71, 61, 65, 62, 7, 11, 9, 10, 10),
(1388, 32, 64, 65, 58, 75, 41, 33, 76, 73, 39, 67, 57, 76, 53, 67, 69, 68, 68, 66, 71, 72, 70, 67, 73, 66, 74, 8, 7, 10, 10, 11),
(1389, 29, 62, 59, 62, 71, 41, 31, 71, 73, 35, 64, 55, 71, 49, 71, 69, 66, 67, 64, 70, 62, 61, 67, 70, 62, 73, 10, 10, 10, 11, 7),
(1390, 40, 65, 65, 61, 72, 70, 78, 72, 55, 51, 65, 60, 71, 70, 66, 70, 71, 73, 63, 68, 71, 73, 71, 67, 70, 65, 7, 9, 10, 8, 7),
(1391, 27, 54, 58, 55, 68, 37, 27, 71, 71, 35, 62, 53, 69, 46, 63, 63, 64, 63, 58, 63, 64, 64, 60, 68, 60, 70, 7, 11, 10, 7, 8),
(1392, 58, 65, 66, 68, 53, 73, 74, 54, 50, 62, 70, 67, 67, 71, 70, 71, 70, 68, 63, 59, 71, 73, 71, 62, 72, 62, 7, 11, 8, 8, 11),
(1393, 32, 52, 52, 54, 63, 56, 63, 65, 43, 43, 64, 52, 64, 57, 60, 67, 62, 62, 59, 57, 54, 55, 56, 55, 57, 56, 9, 7, 8, 7, 6),
(1394, 14, 44, 45, 44, 57, 23, 16, 59, 57, 22, 47, 37, 61, 34, 46, 53, 52, 54, 41, 52, 54, 51, 53, 53, 48, 58, 9, 7, 6, 8, 9),
(1395, 38, 64, 61, 62, 72, 63, 69, 73, 53, 50, 65, 56, 70, 64, 63, 66, 72, 69, 62, 64, 73, 71, 71, 66, 67, 64, 8, 7, 8, 8, 11),
(1396, 25, 55, 52, 50, 72, 35, 25, 65, 69, 30, 62, 46, 68, 44, 65, 68, 59, 60, 63, 65, 48, 47, 51, 66, 50, 68, 7, 6, 9, 6, 8),
(1397, 69, 69, 70, 73, 37, 71, 62, 34, 45, 67, 70, 71, 59, 72, 70, 65, 63, 65, 64, 52, 63, 62, 61, 57, 68, 54, 10, 11, 10, 10, 11),
(1398, 68, 85, 81, 81, 74, 74, 67, 73, 64, 73, 79, 85, 77, 76, 75, 77, 78, 83, 73, 72, 75, 73, 80, 75, 77, 71, 9, 11, 12, 8, 8),
(1399, 43, 71, 66, 68, 80, 55, 49, 78, 66, 52, 72, 69, 74, 60, 69, 75, 75, 74, 66, 72, 66, 66, 73, 72, 65, 66, 9, 9, 10, 11, 7),
(1400, 72, 76, 74, 74, 40, 74, 65, 38, 48, 71, 75, 77, 61, 75, 76, 68, 69, 70, 67, 56, 65, 68, 65, 61, 71, 62, 7, 9, 11, 7, 7),
(1401, 39, 66, 62, 62, 72, 53, 46, 72, 59, 49, 71, 63, 70, 56, 68, 71, 70, 69, 68, 71, 57, 59, 67, 69, 62, 65, 10, 8, 11, 11, 9),
(1402, 54, 69, 68, 66, 66, 63, 52, 63, 50, 61, 65, 67, 64, 62, 66, 63, 70, 70, 60, 61, 61, 61, 75, 62, 66, 60, 8, 11, 11, 8, 9),
(1403, 68, 68, 72, 72, 37, 75, 75, 35, 46, 68, 70, 71, 65, 72, 73, 69, 71, 70, 64, 58, 70, 71, 69, 57, 72, 62, 9, 11, 7, 9, 10),
(1404, 77, 53, 73, 71, 34, 67, 34, 33, 70, 57, 71, 58, 64, 76, 75, 71, 68, 65, 64, 69, 77, 75, 71, 73, 72, 72, 10, 8, 8, 7, 9),
(1405, 64, 42, 59, 59, 20, 48, 20, 18, 63, 40, 55, 46, 51, 62, 58, 52, 53, 49, 48, 54, 58, 58, 55, 60, 59, 64, 6, 8, 9, 10, 10),
(1406, 9, 46, 37, 45, 12, 15, 11, 9, 26, 22, 54, 47, 59, 18, 58, 60, 52, 58, 48, 39, 46, 45, 49, 57, 61, 59, 65, 64, 61, 64, 63),
(1407, 13, 49, 39, 48, 11, 22, 9, 12, 31, 28, 57, 48, 63, 22, 64, 68, 58, 60, 56, 45, 48, 46, 51, 61, 64, 64, 70, 67, 66, 71, 66),
(1408, 11, 55, 47, 55, 11, 25, 11, 14, 34, 32, 69, 57, 71, 25, 75, 72, 65, 66, 67, 51, 53, 51, 56, 66, 71, 71, 76, 72, 74, 75, 75),
(1409, 29, 61, 62, 60, 73, 43, 32, 74, 74, 35, 67, 57, 74, 49, 68, 70, 67, 67, 64, 70, 69, 64, 64, 73, 63, 74, 11, 11, 9, 9, 9),
(1410, 31, 61, 60, 62, 74, 42, 32, 72, 73, 38, 66, 55, 72, 50, 71, 69, 64, 69, 63, 69, 63, 60, 63, 73, 60, 70, 7, 11, 11, 10, 11),
(1411, 34, 60, 63, 62, 81, 45, 31, 76, 76, 37, 72, 57, 77, 53, 73, 73, 69, 69, 69, 76, 63, 62, 66, 78, 61, 75, 8, 11, 10, 10, 7),
(1412, 30, 51, 50, 49, 56, 55, 62, 56, 40, 38, 53, 48, 59, 57, 52, 55, 59, 60, 48, 56, 61, 63, 60, 51, 58, 48, 6, 7, 7, 10, 10),
(1413, 43, 61, 62, 62, 73, 67, 72, 72, 56, 53, 68, 61, 72, 66, 64, 68, 75, 71, 62, 65, 72, 73, 71, 68, 68, 63, 8, 8, 7, 10, 11),
(1414, 33, 59, 60, 60, 77, 41, 31, 76, 75, 38, 66, 56, 71, 51, 68, 71, 67, 70, 68, 75, 63, 59, 64, 76, 61, 72, 10, 10, 10, 11, 7),
(1415, 41, 67, 67, 62, 74, 68, 74, 76, 55, 51, 70, 59, 75, 69, 67, 73, 74, 75, 62, 68, 73, 73, 75, 66, 70, 63, 7, 11, 7, 11, 10),
(1416, 25, 47, 48, 44, 56, 54, 58, 52, 35, 32, 45, 42, 51, 52, 46, 46, 57, 56, 40, 49, 59, 59, 59, 48, 53, 45, 9, 6, 6, 6, 8),
(1417, 75, 76, 80, 79, 46, 81, 71, 41, 51, 73, 79, 78, 65, 80, 79, 74, 73, 76, 71, 58, 64, 65, 65, 65, 72, 62, 10, 10, 12, 8, 9),
(1418, 58, 75, 71, 74, 69, 69, 61, 67, 57, 67, 78, 73, 69, 71, 74, 77, 74, 74, 72, 66, 59, 59, 69, 68, 67, 65, 10, 9, 8, 11, 8),
(1419, 65, 66, 68, 67, 33, 68, 59, 29, 41, 64, 62, 66, 53, 68, 61, 54, 61, 61, 50, 47, 58, 63, 58, 50, 68, 51, 8, 9, 7, 10, 10),
(1420, 61, 70, 72, 73, 54, 74, 77, 56, 53, 64, 69, 67, 71, 75, 68, 68, 72, 73, 64, 66, 76, 76, 75, 64, 78, 65, 11, 9, 8, 11, 12),
(1421, 46, 63, 59, 63, 55, 60, 46, 52, 44, 52, 57, 60, 57, 57, 56, 58, 57, 61, 49, 50, 56, 56, 63, 55, 57, 48, 9, 10, 9, 8, 8),
(1422, 69, 76, 73, 74, 41, 70, 66, 36, 48, 72, 71, 77, 61, 72, 70, 65, 68, 70, 66, 54, 61, 65, 63, 56, 70, 57, 10, 11, 7, 10, 8),
(1423, 81, 79, 82, 81, 47, 84, 72, 47, 58, 80, 76, 81, 69, 86, 77, 70, 74, 78, 69, 64, 76, 78, 74, 64, 80, 69, 10, 8, 8, 10, 11),
(1424, 44, 69, 65, 64, 72, 54, 45, 73, 61, 53, 71, 70, 70, 58, 66, 69, 72, 72, 65, 70, 62, 63, 71, 68, 61, 67, 7, 8, 10, 8, 9),
(1425, 59, 61, 60, 63, 29, 65, 56, 28, 35, 56, 54, 63, 50, 63, 59, 52, 55, 58, 50, 44, 57, 57, 55, 48, 64, 48, 9, 9, 10, 10, 6),
(1426, 45, 73, 67, 68, 75, 58, 47, 75, 67, 52, 77, 73, 77, 60, 72, 78, 75, 75, 71, 74, 64, 61, 75, 72, 66, 69, 7, 8, 11, 7, 9),
(1427, 60, 59, 65, 63, 29, 66, 66, 28, 38, 59, 56, 62, 58, 62, 55, 53, 59, 58, 50, 46, 71, 69, 61, 50, 67, 53, 10, 8, 7, 6, 9),
(1428, 66, 42, 59, 56, 20, 53, 23, 19, 56, 43, 57, 43, 50, 64, 58, 55, 53, 51, 44, 55, 65, 64, 54, 56, 58, 57, 7, 9, 9, 9, 8),
(1429, 69, 67, 73, 75, 38, 75, 76, 38, 48, 65, 66, 72, 64, 75, 69, 64, 72, 71, 60, 58, 78, 79, 70, 57, 78, 61, 7, 10, 10, 8, 11),
(1430, 72, 72, 72, 77, 40, 76, 76, 37, 48, 68, 70, 73, 64, 75, 69, 69, 73, 68, 61, 60, 76, 76, 75, 60, 78, 61, 10, 10, 8, 7, 8),
(1431, 71, 67, 69, 71, 38, 77, 72, 35, 46, 63, 67, 68, 61, 72, 65, 62, 66, 67, 59, 55, 77, 73, 72, 58, 72, 60, 11, 9, 7, 10, 9),
(1432, 66, 39, 62, 60, 20, 53, 23, 19, 58, 42, 53, 46, 49, 65, 61, 56, 53, 49, 46, 54, 64, 64, 57, 58, 59, 59, 8, 6, 10, 6, 6),
(1433, 67, 65, 68, 74, 38, 77, 75, 34, 44, 67, 66, 70, 65, 71, 64, 63, 70, 67, 57, 55, 75, 75, 71, 54, 73, 59, 11, 11, 9, 7, 11),
(1434, 80, 55, 74, 74, 35, 67, 36, 33, 75, 55, 71, 59, 68, 82, 81, 71, 71, 67, 65, 71, 70, 72, 70, 75, 69, 72, 8, 11, 9, 12, 10),
(1435, 13, 55, 50, 58, 13, 28, 11, 14, 37, 35, 66, 59, 71, 32, 74, 73, 67, 69, 67, 52, 59, 58, 61, 72, 73, 75, 83, 78, 75, 80, 76),
(1436, 13, 58, 50, 57, 11, 25, 10, 14, 39, 34, 71, 59, 70, 27, 73, 77, 68, 69, 68, 50, 57, 55, 57, 69, 72, 72, 77, 75, 76, 78, 78),
(1437, 6, 36, 30, 36, 8, 12, 8, 7, 17, 13, 43, 38, 52, 12, 48, 49, 45, 51, 39, 33, 41, 40, 41, 50, 54, 53, 58, 54, 53, 60, 53),
(1438, 24, 54, 53, 52, 71, 32, 25, 65, 66, 27, 58, 47, 67, 43, 59, 60, 61, 60, 53, 63, 56, 54, 60, 68, 56, 64, 8, 10, 8, 8, 6),
(1439, 12, 36, 40, 36, 51, 20, 12, 52, 48, 15, 39, 33, 54, 27, 40, 44, 46, 47, 34, 46, 47, 45, 46, 47, 41, 52, 6, 7, 8, 6, 7),
(1440, 30, 60, 57, 58, 70, 40, 29, 71, 71, 33, 59, 52, 71, 50, 63, 64, 65, 65, 59, 65, 63, 59, 62, 68, 58, 70, 8, 8, 9, 10, 7),
(1441, 22, 48, 46, 46, 55, 48, 52, 55, 39, 33, 43, 42, 56, 51, 44, 50, 57, 52, 39, 48, 58, 57, 57, 48, 57, 46, 7, 8, 9, 7, 5),
(1442, 42, 62, 62, 60, 71, 68, 77, 69, 55, 51, 67, 59, 69, 68, 67, 68, 71, 71, 63, 67, 67, 69, 73, 64, 69, 60, 7, 7, 10, 11, 10),
(1443, 34, 65, 62, 60, 75, 44, 30, 77, 75, 40, 70, 55, 73, 53, 73, 76, 66, 68, 72, 69, 59, 63, 64, 74, 61, 72, 11, 7, 10, 8, 9),
(1444, 12, 37, 37, 32, 54, 14, 12, 51, 49, 13, 37, 28, 46, 27, 36, 42, 42, 42, 33, 48, 40, 41, 44, 50, 39, 48, 5, 7, 5, 6, 8),
(1445, 39, 64, 60, 63, 71, 66, 69, 72, 52, 48, 71, 58, 70, 66, 68, 72, 70, 71, 67, 66, 66, 66, 69, 67, 67, 60, 11, 7, 10, 7, 7),
(1446, 36, 69, 67, 68, 81, 46, 38, 82, 81, 42, 72, 61, 81, 56, 74, 78, 73, 76, 70, 75, 69, 70, 71, 78, 68, 81, 11, 9, 11, 8, 12),
(1447, 22, 51, 52, 49, 69, 31, 22, 64, 65, 27, 55, 49, 67, 41, 59, 63, 58, 59, 54, 66, 57, 55, 56, 67, 55, 65, 7, 6, 8, 7, 6),
(1448, 22, 46, 46, 45, 54, 54, 57, 53, 38, 33, 44, 42, 54, 52, 43, 47, 54, 52, 41, 51, 58, 59, 59, 50, 54, 48, 5, 8, 7, 6, 5),
(1449, 12, 40, 38, 38, 52, 18, 12, 51, 49, 13, 39, 34, 50, 27, 44, 45, 46, 46, 36, 48, 44, 42, 44, 46, 40, 49, 5, 8, 6, 7, 8),
(1450, 59, 74, 73, 73, 73, 71, 58, 67, 54, 66, 74, 73, 72, 70, 75, 73, 78, 77, 73, 65, 63, 63, 80, 65, 71, 63, 10, 9, 8, 10, 11),
(1451, 37, 51, 50, 52, 45, 51, 40, 44, 36, 47, 47, 51, 46, 48, 45, 48, 51, 53, 42, 41, 45, 48, 57, 43, 48, 44, 6, 8, 5, 5, 9),
(1452, 41, 60, 55, 57, 51, 51, 40, 49, 39, 49, 56, 59, 51, 53, 52, 48, 56, 57, 46, 47, 52, 49, 60, 47, 56, 45, 5, 5, 7, 5, 7),
(1453, 74, 70, 74, 76, 43, 78, 78, 37, 49, 70, 71, 73, 68, 75, 75, 69, 75, 70, 65, 62, 77, 76, 74, 62, 78, 63, 10, 9, 10, 9, 8),
(1454, 42, 70, 64, 64, 73, 56, 45, 74, 65, 52, 71, 68, 75, 57, 69, 70, 74, 73, 64, 68, 63, 63, 72, 68, 62, 68, 7, 9, 8, 8, 10),
(1455, 46, 55, 57, 58, 44, 65, 65, 44, 42, 52, 55, 54, 56, 60, 58, 54, 63, 59, 51, 54, 70, 70, 63, 54, 66, 53, 9, 10, 9, 10, 8),
(1456, 58, 58, 61, 63, 25, 63, 64, 25, 36, 53, 54, 58, 53, 60, 52, 53, 55, 56, 45, 44, 66, 64, 58, 44, 63, 45, 8, 9, 7, 10, 8),
(1457, 74, 72, 73, 75, 41, 82, 78, 37, 51, 71, 72, 73, 66, 75, 71, 70, 73, 73, 68, 58, 76, 79, 74, 59, 79, 61, 10, 12, 11, 11, 9),
(1458, 79, 55, 73, 71, 31, 63, 35, 29, 75, 54, 72, 57, 65, 80, 81, 73, 66, 66, 65, 69, 69, 69, 70, 73, 68, 74, 7, 9, 11, 10, 10),
(1459, 58, 62, 63, 64, 27, 68, 68, 27, 37, 56, 57, 62, 54, 63, 59, 56, 63, 60, 50, 50, 71, 70, 62, 50, 71, 50, 9, 10, 7, 6, 7),
(1460, 65, 62, 67, 70, 34, 72, 71, 33, 43, 61, 62, 63, 59, 67, 60, 60, 64, 64, 51, 54, 76, 72, 69, 52, 71, 56, 11, 9, 11, 8, 8),
(1461, 55, 62, 66, 67, 48, 69, 70, 49, 48, 58, 62, 61, 62, 69, 66, 64, 66, 69, 58, 57, 70, 70, 70, 60, 72, 57, 7, 11, 9, 7, 10),
(1462, 79, 55, 72, 71, 30, 64, 35, 28, 70, 53, 72, 55, 65, 79, 79, 74, 67, 62, 65, 65, 63, 66, 62, 73, 63, 72, 7, 8, 7, 7, 7),
(1463, 62, 40, 62, 59, 21, 50, 22, 18, 58, 39, 55, 47, 53, 64, 62, 52, 60, 50, 48, 60, 60, 59, 56, 58, 57, 56, 7, 9, 8, 10, 8),
(1464, 10, 46, 38, 46, 8, 16, 11, 10, 26, 23, 54, 45, 62, 19, 61, 59, 54, 56, 49, 38, 49, 49, 47, 61, 64, 60, 66, 67, 63, 67, 65),
(1465, 12, 56, 47, 56, 11, 29, 11, 14, 35, 32, 71, 56, 70, 29, 73, 74, 65, 69, 69, 52, 57, 52, 57, 71, 72, 75, 80, 78, 74, 78, 73),
(1466, 8, 48, 41, 46, 12, 22, 12, 9, 29, 23, 65, 50, 61, 22, 69, 71, 56, 58, 63, 42, 38, 40, 42, 61, 57, 62, 67, 67, 64, 65, 70),
(1467, 34, 68, 62, 65, 75, 43, 33, 76, 77, 41, 70, 57, 77, 52, 76, 75, 71, 72, 74, 72, 57, 60, 65, 78, 62, 74, 7, 8, 10, 7, 8),
(1468, 38, 63, 60, 62, 71, 67, 76, 70, 53, 48, 66, 58, 68, 66, 65, 68, 71, 71, 63, 64, 67, 70, 70, 67, 67, 61, 11, 10, 9, 8, 9),
(1469, 33, 62, 64, 63, 79, 43, 33, 77, 76, 42, 70, 60, 81, 54, 71, 74, 70, 72, 67, 73, 73, 71, 72, 74, 67, 79, 10, 10, 9, 7, 11),
(1470, 29, 50, 51, 50, 61, 57, 66, 57, 40, 38, 54, 45, 56, 55, 49, 56, 62, 61, 49, 57, 60, 60, 59, 56, 57, 52, 7, 6, 7, 6, 6),
(1471, 26, 51, 52, 50, 68, 36, 23, 68, 66, 29, 55, 47, 66, 42, 57, 60, 61, 62, 57, 68, 60, 55, 59, 68, 58, 64, 7, 9, 7, 7, 10),
(1472, 43, 64, 66, 63, 71, 73, 79, 72, 54, 51, 72, 59, 73, 72, 71, 74, 76, 74, 69, 70, 71, 71, 76, 70, 72, 65, 7, 9, 7, 10, 7),
(1473, 37, 71, 65, 67, 77, 46, 34, 80, 79, 41, 69, 59, 79, 55, 74, 77, 70, 73, 69, 73, 68, 69, 72, 76, 66, 79, 9, 11, 8, 10, 12),
(1474, 42, 65, 64, 65, 71, 69, 75, 69, 56, 51, 66, 59, 72, 68, 65, 72, 72, 74, 64, 69, 75, 73, 75, 66, 70, 62, 11, 11, 10, 9, 9),
(1475, 44, 67, 66, 63, 79, 55, 48, 76, 61, 51, 73, 64, 71, 56, 70, 75, 71, 71, 70, 74, 60, 62, 72, 72, 63, 68, 7, 11, 9, 10, 9),
(1476, 60, 78, 73, 72, 67, 67, 59, 63, 52, 64, 73, 75, 68, 69, 72, 71, 73, 73, 66, 61, 63, 66, 72, 63, 65, 62, 7, 8, 9, 10, 7),
(1477, 57, 71, 70, 69, 64, 63, 57, 63, 53, 62, 68, 70, 67, 62, 65, 67, 72, 68, 59, 58, 62, 61, 72, 60, 67, 60, 8, 9, 8, 7, 10),
(1478, 75, 78, 76, 78, 44, 79, 71, 44, 50, 78, 73, 84, 66, 79, 77, 69, 71, 75, 67, 57, 69, 73, 72, 63, 75, 62, 12, 11, 8, 9, 10),
(1479, 44, 60, 55, 54, 49, 54, 42, 51, 37, 53, 53, 60, 51, 52, 50, 49, 56, 56, 45, 46, 52, 54, 61, 50, 56, 45, 7, 5, 7, 9, 9),
(1480, 67, 77, 72, 76, 42, 74, 66, 37, 46, 70, 71, 77, 60, 71, 70, 64, 68, 71, 65, 56, 67, 67, 67, 60, 71, 61, 7, 10, 7, 11, 10),
(1481, 80, 77, 77, 77, 44, 81, 69, 44, 52, 77, 80, 81, 65, 83, 79, 74, 71, 75, 74, 59, 64, 68, 68, 63, 75, 65, 9, 9, 9, 8, 8),
(1482, 71, 78, 76, 75, 42, 76, 70, 39, 51, 73, 76, 78, 66, 75, 74, 70, 68, 72, 70, 54, 66, 69, 66, 62, 72, 61, 9, 10, 7, 7, 9),
(1483, 40, 66, 65, 65, 74, 56, 48, 75, 60, 50, 72, 63, 72, 55, 69, 72, 72, 69, 66, 72, 59, 62, 71, 67, 63, 64, 9, 8, 7, 8, 8),
(1484, 45, 74, 66, 66, 76, 58, 48, 75, 65, 52, 76, 71, 73, 61, 68, 72, 75, 76, 68, 70, 66, 66, 74, 71, 68, 68, 7, 10, 7, 8, 8),
(1485, 47, 68, 60, 58, 53, 57, 49, 54, 45, 56, 62, 65, 59, 57, 56, 57, 58, 64, 53, 52, 56, 53, 64, 53, 57, 53, 10, 7, 9, 10, 7),
(1486, 76, 49, 67, 67, 28, 61, 30, 26, 71, 48, 66, 52, 62, 76, 75, 64, 65, 58, 60, 66, 68, 66, 64, 66, 67, 66, 10, 11, 11, 11, 8),
(1487, 77, 76, 80, 79, 42, 82, 84, 43, 54, 71, 75, 75, 71, 80, 76, 72, 77, 77, 67, 65, 82, 82, 76, 64, 81, 66, 10, 12, 11, 11, 12),
(1488, 63, 40, 56, 56, 17, 49, 20, 15, 53, 37, 49, 42, 49, 59, 57, 50, 52, 48, 38, 52, 59, 61, 52, 53, 57, 57, 8, 8, 7, 8, 8),
(1489, 85, 65, 82, 82, 39, 72, 44, 37, 86, 65, 80, 68, 75, 85, 85, 82, 77, 72, 77, 76, 74, 76, 76, 85, 79, 84, 8, 10, 10, 12, 8),
(1490, 70, 70, 72, 74, 41, 80, 77, 37, 51, 68, 68, 70, 65, 75, 69, 69, 71, 69, 62, 59, 79, 76, 74, 57, 76, 61, 9, 8, 9, 8, 9),
(1491, 71, 67, 75, 77, 37, 79, 73, 39, 48, 68, 70, 71, 66, 78, 68, 67, 70, 69, 61, 59, 76, 78, 73, 61, 78, 60, 11, 9, 11, 8, 7),
(1492, 71, 73, 76, 76, 41, 81, 81, 38, 52, 71, 78, 75, 71, 78, 78, 76, 76, 73, 69, 61, 78, 76, 70, 65, 75, 63, 8, 8, 8, 8, 8),
(1493, 59, 34, 55, 50, 15, 45, 16, 13, 59, 33, 45, 37, 44, 57, 50, 44, 49, 46, 37, 49, 50, 53, 51, 57, 55, 59, 7, 6, 5, 5, 5),
(1494, 6, 37, 27, 37, 6, 12, 9, 9, 17, 13, 43, 36, 49, 12, 46, 50, 43, 48, 37, 32, 37, 36, 39, 49, 54, 53, 55, 56, 55, 54, 58),
(1495, 12, 44, 37, 44, 8, 13, 11, 8, 26, 20, 50, 43, 60, 18, 59, 57, 53, 57, 50, 40, 46, 47, 48, 56, 63, 61, 69, 65, 63, 64, 63),
(1496, 13, 48, 40, 49, 9, 22, 11, 12, 31, 28, 60, 48, 64, 23, 69, 67, 57, 62, 59, 41, 47, 48, 50, 64, 64, 67, 67, 68, 66, 67, 70),
(1497, 9, 47, 44, 47, 10, 22, 9, 9, 30, 30, 65, 50, 66, 23, 69, 71, 60, 63, 64, 45, 48, 47, 54, 62, 67, 68, 75, 68, 68, 73, 67),
(1498, 16, 45, 49, 44, 65, 26, 19, 62, 64, 24, 53, 42, 61, 40, 54, 56, 52, 53, 49, 60, 54, 50, 52, 61, 51, 59, 6, 5, 5, 6, 8),
(1499, 36, 64, 66, 61, 79, 45, 36, 77, 79, 44, 71, 61, 81, 58, 72, 78, 73, 71, 72, 75, 72, 67, 70, 75, 66, 77, 10, 9, 8, 9, 12),
(1500, 12, 47, 44, 42, 58, 26, 13, 58, 58, 22, 45, 38, 55, 34, 49, 52, 48, 50, 44, 53, 50, 49, 50, 55, 49, 57, 8, 5, 5, 7, 5),
(1501, 40, 63, 62, 61, 76, 65, 71, 76, 54, 52, 67, 61, 75, 69, 66, 71, 73, 73, 65, 70, 75, 74, 75, 68, 71, 64, 9, 7, 11, 10, 7),
(1502, 37, 61, 62, 59, 71, 65, 73, 68, 51, 47, 64, 55, 66, 68, 64, 68, 71, 68, 64, 63, 70, 66, 69, 63, 68, 62, 11, 9, 7, 11, 9),
(1503, 37, 55, 55, 58, 67, 60, 63, 70, 46, 44, 57, 52, 67, 63, 56, 62, 68, 65, 55, 59, 68, 70, 67, 62, 67, 56, 10, 6, 6, 9, 6),
(1504, 41, 65, 66, 65, 74, 72, 77, 71, 55, 52, 66, 61, 72, 71, 66, 69, 76, 71, 62, 69, 73, 75, 73, 67, 68, 66, 10, 7, 9, 11, 8),
(1505, 32, 60, 62, 57, 75, 41, 30, 75, 73, 36, 66, 56, 77, 52, 66, 74, 67, 67, 65, 71, 70, 64, 65, 74, 61, 74, 9, 10, 9, 7, 8),
(1506, 43, 59, 54, 54, 50, 51, 42, 46, 35, 50, 52, 57, 52, 52, 48, 50, 52, 58, 42, 47, 50, 52, 58, 45, 52, 46, 8, 7, 5, 8, 5),
(1507, 47, 60, 57, 58, 55, 53, 45, 54, 43, 53, 58, 58, 54, 52, 58, 57, 61, 60, 52, 49, 53, 54, 62, 53, 54, 50, 8, 9, 8, 6, 9),
(1508, 40, 55, 55, 58, 50, 54, 43, 48, 37, 48, 51, 57, 49, 50, 52, 50, 53, 56, 42, 44, 49, 49, 59, 49, 53, 45, 7, 5, 9, 7, 7),
(1509, 56, 78, 72, 72, 64, 68, 57, 64, 52, 68, 75, 74, 68, 65, 70, 72, 70, 72, 64, 61, 64, 66, 74, 66, 68, 61, 11, 9, 11, 11, 10),
(1510, 43, 59, 59, 58, 57, 54, 45, 53, 43, 53, 55, 61, 57, 53, 57, 57, 61, 60, 49, 50, 52, 55, 66, 52, 54, 51, 6, 8, 9, 7, 6),
(1511, 72, 71, 73, 70, 37, 73, 64, 36, 47, 66, 66, 73, 59, 75, 70, 63, 66, 70, 63, 50, 65, 65, 63, 58, 72, 58, 11, 8, 10, 7, 10),
(1512, 45, 73, 69, 65, 73, 59, 50, 74, 65, 54, 74, 71, 75, 57, 67, 74, 74, 71, 64, 73, 62, 65, 76, 70, 63, 67, 8, 11, 10, 9, 8),
(1513, 69, 50, 68, 66, 28, 55, 26, 24, 70, 49, 61, 52, 60, 73, 69, 62, 62, 55, 51, 60, 63, 61, 62, 69, 65, 70, 7, 9, 11, 8, 10),
(1514, 69, 43, 63, 62, 20, 54, 22, 19, 63, 44, 59, 48, 53, 72, 65, 58, 56, 54, 51, 57, 60, 63, 58, 60, 62, 62, 9, 9, 9, 7, 8),
(1515, 74, 53, 70, 69, 31, 60, 34, 29, 70, 51, 68, 54, 62, 75, 75, 70, 72, 62, 62, 71, 66, 64, 68, 70, 65, 69, 8, 11, 10, 8, 9),
(1516, 66, 65, 68, 72, 36, 75, 72, 32, 45, 62, 64, 65, 63, 69, 64, 63, 68, 66, 55, 53, 71, 73, 67, 55, 71, 54, 10, 11, 8, 9, 8),
(1517, 69, 43, 61, 63, 20, 55, 23, 20, 67, 42, 58, 48, 56, 68, 65, 55, 60, 51, 49, 60, 61, 59, 56, 66, 59, 64, 6, 10, 10, 7, 7),
(1518, 69, 66, 69, 73, 37, 74, 70, 31, 46, 64, 64, 67, 61, 72, 67, 63, 67, 67, 58, 53, 72, 74, 69, 57, 73, 55, 7, 10, 7, 7, 10),
(1519, 66, 66, 71, 75, 38, 74, 78, 35, 49, 66, 67, 69, 65, 73, 69, 64, 69, 68, 57, 54, 76, 76, 72, 57, 73, 61, 10, 10, 7, 11, 8),
(1520, 64, 41, 58, 58, 19, 53, 22, 18, 55, 40, 52, 44, 49, 62, 59, 52, 56, 50, 46, 55, 63, 61, 56, 56, 57, 56, 8, 10, 6, 6, 6),
(1521, 68, 65, 69, 73, 37, 72, 70, 34, 45, 64, 66, 65, 64, 70, 67, 63, 69, 64, 60, 56, 71, 73, 70, 57, 73, 57, 7, 7, 9, 11, 10),
(1522, 9, 34, 25, 31, 7, 12, 8, 8, 12, 12, 40, 31, 48, 12, 43, 47, 41, 45, 33, 24, 36, 32, 34, 43, 49, 49, 51, 51, 51, 50, 50),
(1523, 9, 46, 39, 46, 9, 18, 12, 10, 27, 24, 56, 48, 58, 19, 61, 61, 53, 57, 50, 40, 49, 46, 50, 60, 63, 60, 67, 65, 63, 65, 63),
(1524, 7, 34, 23, 32, 6, 12, 6, 5, 12, 12, 38, 33, 47, 12, 43, 43, 41, 43, 35, 27, 34, 32, 34, 44, 48, 50, 50, 53, 49, 53, 53),
(1525, 9, 45, 40, 45, 10, 22, 10, 8, 29, 24, 59, 47, 61, 22, 66, 66, 56, 58, 54, 40, 48, 45, 52, 61, 63, 64, 69, 65, 68, 70, 67),
(1526, 24, 52, 54, 51, 66, 32, 22, 64, 63, 28, 55, 48, 65, 43, 54, 58, 59, 57, 51, 58, 58, 56, 56, 63, 54, 63, 7, 7, 6, 10, 7),
(1527, 28, 63, 58, 60, 70, 41, 32, 71, 70, 34, 65, 55, 70, 52, 70, 71, 65, 68, 63, 68, 59, 60, 67, 71, 61, 70, 7, 11, 7, 11, 7),
(1528, 25, 50, 53, 49, 69, 35, 25, 67, 65, 27, 64, 45, 66, 41, 61, 69, 58, 58, 64, 65, 50, 47, 56, 68, 49, 65, 10, 7, 6, 6, 10),
(1529, 25, 51, 48, 48, 60, 50, 55, 59, 40, 39, 51, 46, 60, 55, 48, 52, 61, 55, 43, 52, 62, 60, 58, 52, 57, 49, 8, 8, 7, 7, 7),
(1530, 14, 45, 45, 45, 58, 23, 15, 55, 55, 18, 46, 39, 56, 34, 48, 50, 48, 53, 44, 50, 49, 48, 52, 56, 47, 56, 9, 5, 8, 7, 8),
(1531, 18, 40, 42, 38, 52, 44, 48, 51, 33, 30, 42, 39, 52, 47, 40, 44, 52, 47, 33, 43, 55, 55, 54, 42, 48, 43, 9, 7, 9, 7, 7),
(1532, 29, 47, 47, 49, 57, 54, 61, 56, 39, 38, 49, 44, 54, 55, 49, 54, 60, 57, 45, 52, 59, 62, 59, 50, 59, 47, 7, 9, 9, 5, 5),
(1533, 21, 47, 46, 45, 54, 48, 54, 57, 36, 31, 45, 39, 55, 50, 42, 48, 54, 55, 36, 48, 59, 56, 57, 47, 53, 47, 6, 6, 6, 8, 6),
(1534, 23, 49, 50, 48, 67, 33, 19, 62, 67, 26, 63, 44, 63, 40, 61, 68, 58, 58, 61, 63, 44, 43, 49, 63, 48, 65, 10, 9, 6, 7, 9),
(1535, 37, 55, 55, 58, 66, 60, 67, 66, 46, 43, 62, 53, 65, 60, 64, 69, 68, 63, 61, 59, 63, 63, 62, 63, 59, 55, 8, 10, 10, 7, 8),
(1536, 37, 61, 61, 58, 68, 64, 73, 69, 53, 50, 64, 54, 67, 66, 62, 65, 72, 70, 60, 62, 67, 71, 72, 61, 65, 62, 8, 11, 7, 8, 7),
(1537, 12, 36, 37, 32, 53, 17, 12, 51, 53, 12, 37, 30, 49, 28, 38, 43, 44, 45, 34, 51, 45, 40, 41, 49, 41, 51, 6, 6, 7, 7, 6),
(1538, 36, 56, 57, 58, 63, 64, 71, 65, 50, 43, 60, 52, 63, 64, 56, 62, 66, 65, 54, 60, 66, 70, 68, 61, 66, 59, 10, 10, 6, 8, 7),
(1539, 12, 45, 43, 43, 57, 23, 13, 59, 54, 22, 47, 39, 57, 35, 48, 52, 51, 52, 42, 50, 48, 47, 49, 56, 45, 54, 6, 8, 8, 7, 5),
(1540, 25, 50, 47, 48, 58, 56, 61, 57, 41, 38, 50, 44, 54, 53, 51, 54, 61, 58, 43, 52, 58, 62, 60, 50, 55, 48, 7, 9, 9, 5, 9),
(1541, 40, 65, 67, 63, 75, 53, 45, 72, 64, 52, 68, 64, 70, 59, 67, 71, 70, 73, 65, 72, 63, 61, 73, 67, 63, 66, 8, 8, 10, 7, 7),
(1542, 48, 67, 63, 64, 56, 56, 49, 54, 47, 57, 63, 68, 59, 57, 62, 60, 62, 65, 56, 54, 59, 55, 66, 54, 62, 51, 6, 10, 7, 7, 8),
(1543, 35, 54, 49, 49, 49, 45, 38, 45, 35, 45, 49, 53, 45, 47, 48, 44, 56, 51, 39, 41, 46, 47, 59, 41, 51, 43, 5, 5, 5, 8, 9),
(1544, 48, 64, 62, 66, 55, 59, 50, 58, 44, 55, 59, 64, 61, 61, 58, 57, 63, 62, 54, 56, 55, 57, 62, 56, 60, 53, 9, 9, 6, 10, 8),
(1545, 58, 79, 73, 71, 68, 67, 58, 65, 53, 68, 76, 75, 70, 66, 71, 72, 71, 75, 70, 61, 64, 64, 74, 64, 66, 60, 11, 7, 10, 8, 7),
(1546, 62, 66, 63, 65, 32, 66, 56, 28, 41, 63, 57, 67, 54, 64, 62, 53, 57, 63, 52, 44, 59, 60, 56, 47, 65, 51, 9, 9, 6, 9, 8),
(1547, 35, 46, 44, 45, 33, 48, 54, 29, 30, 39, 42, 42, 44, 48, 41, 42, 49, 46, 33, 37, 57, 56, 52, 36, 56, 37, 7, 5, 8, 9, 5),
(1548, 43, 64, 58, 56, 51, 56, 45, 53, 43, 53, 61, 63, 55, 54, 57, 53, 56, 61, 50, 51, 55, 55, 59, 50, 55, 50, 7, 9, 9, 7, 10),
(1549, 60, 78, 74, 75, 70, 68, 61, 67, 57, 71, 78, 76, 72, 71, 74, 76, 76, 76, 75, 67, 67, 67, 77, 68, 71, 64, 11, 8, 9, 10, 10),
(1550, 35, 51, 46, 51, 44, 44, 35, 39, 31, 44, 41, 50, 44, 43, 44, 41, 48, 48, 34, 40, 45, 43, 51, 38, 46, 38, 7, 8, 6, 5, 5),
(1551, 43, 60, 52, 52, 47, 48, 40, 46, 35, 47, 54, 60, 51, 52, 51, 50, 52, 57, 41, 44, 52, 52, 59, 45, 55, 45, 9, 6, 9, 9, 7),
(1552, 58, 66, 63, 66, 34, 65, 55, 29, 38, 62, 61, 67, 53, 63, 60, 57, 59, 59, 53, 43, 58, 60, 57, 48, 65, 49, 7, 9, 6, 9, 7),
(1553, 47, 64, 61, 65, 58, 59, 51, 57, 43, 57, 59, 61, 61, 59, 61, 60, 61, 66, 55, 52, 57, 57, 62, 57, 62, 54, 9, 8, 6, 7, 6),
(1554, 75, 50, 70, 67, 27, 60, 28, 27, 68, 50, 65, 55, 60, 74, 73, 63, 63, 57, 58, 61, 63, 65, 62, 66, 66, 66, 11, 9, 11, 9, 7),
(1555, 61, 36, 56, 53, 12, 46, 16, 14, 53, 34, 46, 38, 44, 57, 51, 47, 53, 47, 36, 55, 57, 55, 55, 53, 52, 55, 5, 7, 5, 9, 5),
(1556, 79, 53, 75, 70, 33, 65, 34, 28, 70, 56, 76, 57, 65, 75, 79, 73, 70, 61, 69, 67, 68, 67, 64, 71, 65, 71, 10, 8, 7, 11, 9),
(1557, 49, 45, 46, 51, 12, 51, 48, 13, 25, 44, 40, 45, 38, 49, 38, 37, 44, 46, 29, 34, 55, 57, 50, 29, 56, 34, 5, 7, 8, 8, 5),
(1558, 68, 40, 60, 55, 18, 50, 22, 14, 60, 40, 52, 43, 49, 69, 62, 53, 53, 48, 43, 55, 60, 57, 55, 58, 58, 56, 7, 7, 9, 6, 10),
(1559, 58, 57, 60, 65, 26, 68, 68, 28, 36, 57, 54, 60, 55, 65, 56, 56, 60, 60, 46, 46, 70, 67, 64, 49, 67, 50, 8, 6, 10, 10, 10),
(1560, 71, 70, 75, 74, 39, 79, 74, 37, 47, 66, 70, 73, 68, 76, 72, 67, 70, 72, 63, 60, 78, 76, 71, 60, 79, 60, 10, 7, 7, 11, 11),
(1561, 76, 54, 72, 73, 30, 65, 36, 28, 80, 52, 74, 59, 63, 75, 76, 73, 69, 61, 68, 69, 64, 63, 68, 77, 70, 77, 7, 9, 11, 10, 10),
(1562, 72, 70, 74, 76, 38, 80, 77, 37, 47, 70, 69, 70, 65, 76, 72, 69, 69, 72, 64, 56, 74, 77, 72, 57, 76, 60, 9, 10, 9, 8, 8),
(1563, 72, 48, 67, 64, 25, 59, 29, 25, 68, 50, 61, 51, 60, 69, 67, 62, 67, 58, 55, 63, 68, 65, 67, 65, 64, 63, 7, 9, 9, 9, 11),
(1564, 67, 65, 70, 74, 36, 74, 77, 36, 47, 67, 64, 68, 64, 72, 67, 64, 66, 69, 58, 53, 77, 75, 68, 56, 75, 59, 9, 8, 7, 11, 10);
