DELETE FROM players;
DELETE FROM teams;
DELETE FROM coaches;
DELETE FROM leagues;

INSERT INTO leagues (id, name) VALUES
(1, 'Super Lig');

INSERT INTO coaches (id, name, preferred_formation) VALUES
(101, 'Galatasaray Coach', 0),
(102, 'Fenerbahçe Coach', 0),
(103, 'Beşiktaş Coach', 0),
(104, 'Trabzonspor Coach', 0),
(105, 'İstanbul Başakşehir Coach', 0),
(106, 'Göztepe Coach', 0),
(107, 'Samsunspor Coach', 0),
(108, 'Çaykur Rizespor Coach', 0),
(109, 'Eyüpspor Coach', 0),
(110, 'Kasımpaşa Coach', 0),
(111, 'Konyaspor Coach', 0),
(112, 'Alanyaspor Coach', 0),
(113, 'Antalyaspor Coach', 0),
(114, 'Gaziantep FK Coach', 0),
(115, 'Kayserispor Coach', 0),
(116, 'Kocaelispor Coach', 0),
(117, 'Gençlerbirliği Coach', 0),
(118, 'Fatih Karagümrük Coach', 0);

INSERT INTO teams (id, league_id, name, transfer_budget, wage_budget, total_budget, coach_id) VALUES
(10, 1, 'Galatasaray', 6000000, 4000000, 10000000, 101),
(20, 1, 'Fenerbahçe', 6000000, 4000000, 10000000, 102),
(30, 1, 'Beşiktaş', 6000000, 4000000, 10000000, 103),
(40, 1, 'Trabzonspor', 6000000, 4000000, 10000000, 104),
(50, 1, 'İstanbul Başakşehir', 6000000, 4000000, 10000000, 105),
(60, 1, 'Göztepe', 6000000, 4000000, 10000000, 106),
(70, 1, 'Samsunspor', 6000000, 4000000, 10000000, 107),
(80, 1, 'Çaykur Rizespor', 6000000, 4000000, 10000000, 108),
(90, 1, 'Eyüpspor', 6000000, 4000000, 10000000, 109),
(100, 1, 'Kasımpaşa', 6000000, 4000000, 10000000, 110),
(110, 1, 'Konyaspor', 6000000, 4000000, 10000000, 111),
(120, 1, 'Alanyaspor', 6000000, 4000000, 10000000, 112),
(130, 1, 'Antalyaspor', 6000000, 4000000, 10000000, 113),
(140, 1, 'Gaziantep FK', 6000000, 4000000, 10000000, 114),
(150, 1, 'Kayserispor', 6000000, 4000000, 10000000, 115),
(160, 1, 'Kocaelispor', 6000000, 4000000, 10000000, 116),
(170, 1, 'Gençlerbirliği', 6000000, 4000000, 10000000, 117),
(180, 1, 'Fatih Karagümrük', 6000000, 4000000, 10000000, 118);

INSERT INTO players (id, team_id, name, position, age, wage, contract_years, s1, s2, s3, s4, s5) VALUES
(1001, 10, 'Batuhan Şen', 'Goalkeeper', 26, 570000, 3, 57, 57, 57, 57, 57),
(1002, 10, 'Enes Emre Büyük', 'Goalkeeper', 17, 400000, 3, 40, 40, 40, 40, 40),
(1003, 10, 'Günay Güvenç', 'Goalkeeper', 34, 630000, 3, 63, 63, 63, 63, 63),
(1004, 10, 'Uğurcan Çakır', 'Goalkeeper', 29, 830000, 3, 83, 83, 83, 83, 83),
(1005, 10, 'Abdülkerim Bardakcı', 'CenterBack', 30, 790000, 3, 79, 79, 79, 79, 79),
(1006, 10, 'Arda Ünyay', 'CenterBack', 18, 550000, 3, 55, 55, 55, 55, 55),
(1007, 10, 'Carlos Cuesta', 'CenterBack', 26, 720000, 3, 72, 72, 72, 72, 72),
(1008, 10, 'Davinson Sánchez', 'CenterBack', 29, 840000, 3, 84, 84, 84, 84, 84),
(1009, 10, 'Elias Jelert', 'RightBack', 22, 740000, 3, 74, 74, 74, 74, 74),
(1010, 10, 'Eren Elmalı', 'LeftBack', 25, 750000, 3, 75, 75, 75, 75, 75),
(1011, 10, 'Ismail Jakobs', 'LeftBack', 25, 750000, 3, 75, 75, 75, 75, 75),
(1012, 10, 'Kaan Ayhan', 'DefensiveMidfielder', 30, 760000, 3, 76, 76, 76, 76, 76),
(1013, 10, 'Mathias Ross', 'CenterBack', 24, 630000, 3, 63, 63, 63, 63, 63),
(1014, 10, 'Metehan Baltacı', 'CenterBack', 22, 680000, 3, 68, 68, 68, 68, 68),
(1015, 10, 'Renato Nhaga', 'CentralMidfielder', 20, 550000, 3, 55, 55, 55, 55, 55),
(1016, 10, 'Sacha Boey', 'RightBack', 24, 800000, 3, 80, 80, 80, 80, 80),
(1017, 10, 'Victor Nelsson', 'CenterBack', 26, 740000, 3, 74, 74, 74, 74, 74),
(1018, 10, 'Wilfried Singo', 'RightBack', 24, 810000, 3, 81, 81, 81, 81, 81),
(1019, 10, 'Berkan Kutlu', 'DefensiveMidfielder', 27, 670000, 3, 67, 67, 67, 67, 67),
(1020, 10, 'Eyüp Aydın', 'CentralMidfielder', 21, 580000, 3, 58, 58, 58, 58, 58),
(1021, 10, 'Gabriel Sara', 'CentralMidfielder', 26, 840000, 3, 84, 84, 84, 84, 84),
(1022, 10, 'Gökdeniz Gürpüz', 'AttackingMidfielder', 19, 500000, 3, 50, 50, 50, 50, 50),
(1023, 10, 'Lucas Torreira', 'DefensiveMidfielder', 29, 850000, 3, 85, 85, 85, 85, 85),
(1024, 10, 'Mario Lemina', 'DefensiveMidfielder', 31, 770000, 3, 77, 77, 77, 77, 77),
(1025, 10, 'İlkay Gündoğan', 'CentralMidfielder', 34, 800000, 3, 80, 80, 80, 80, 80),
(1026, 10, 'Ahmed Kutucu', 'LeftWinger', 25, 710000, 3, 71, 71, 71, 71, 71),
(1027, 10, 'Baran Demiroğlu', 'Striker', 20, 540000, 3, 54, 54, 54, 54, 54),
(1028, 10, 'Barış Yılmaz', 'LeftWinger', 25, 810000, 3, 81, 81, 81, 81, 81),
(1029, 10, 'Eren Aydın', 'Striker', 22, 570000, 3, 57, 57, 57, 57, 57),
(1030, 10, 'Halil Dervişoğlu', 'Striker', 25, 700000, 3, 70, 70, 70, 70, 70),
(1031, 10, 'Leroy Sané', 'RightWinger', 29, 880000, 3, 88, 88, 88, 88, 88),
(1032, 10, 'Mauro Icardi', 'Striker', 32, 840000, 3, 84, 84, 84, 84, 84),
(1033, 10, 'Nicolò Zaniolo', 'RightWinger', 26, 760000, 3, 76, 76, 76, 76, 76),
(1034, 10, 'Roland Sallai', 'RightWinger', 28, 790000, 3, 79, 79, 79, 79, 79),
(1035, 10, 'Yunus Akgün', 'RightWinger', 25, 790000, 3, 79, 79, 79, 79, 79),
(1036, 10, 'Yusuf Demir', 'RightWinger', 22, 680000, 3, 68, 68, 68, 68, 68),
(1037, 10, 'Victor Osimhen', 'Striker', 26, 920000, 3, 92, 92, 92, 92, 92),
(1038, 20, 'Ederson', 'Goalkeeper', 31, 820000, 3, 82, 82, 82, 82, 82),
(1039, 20, 'Engin Can Biterge', 'Goalkeeper', 18, 390000, 3, 39, 39, 39, 39, 39),
(1040, 20, 'Mert Günok', 'Goalkeeper', 36, 560000, 3, 56, 56, 56, 56, 56),
(1041, 20, 'Tarık Çetin', 'Goalkeeper', 28, 540000, 3, 54, 54, 54, 54, 54),
(1042, 20, 'Archie Brown', 'LeftBack', 23, 760000, 3, 76, 76, 76, 76, 76),
(1043, 20, 'Jayden Oosterwolde', 'CenterBack', 24, 820000, 3, 82, 82, 82, 82, 82),
(1044, 20, 'Levent Mercan', 'LeftBack', 24, 700000, 3, 70, 70, 70, 70, 70),
(1045, 20, 'Mert Müldür', 'RightBack', 26, 740000, 3, 74, 74, 74, 74, 74),
(1046, 20, 'Milan Škriniar', 'CenterBack', 30, 810000, 3, 81, 81, 81, 81, 81),
(1047, 20, 'Nélson Semedo', 'RightBack', 31, 760000, 3, 76, 76, 76, 76, 76),
(1048, 20, 'Yiğit Efe Demir', 'CenterBack', 21, 720000, 3, 72, 72, 72, 72, 72),
(1049, 20, 'Çağlar Söyüncü', 'CenterBack', 29, 730000, 3, 73, 73, 73, 73, 73),
(1050, 20, 'Abdou Aziz Fall', 'CentralMidfielder', 18, 420000, 3, 42, 42, 42, 42, 42),
(1051, 20, 'Edson Álvarez', 'DefensiveMidfielder', 27, 830000, 3, 83, 83, 83, 83, 83),
(1052, 20, 'Fred', 'CentralMidfielder', 32, 750000, 3, 75, 75, 75, 75, 75),
(1053, 20, 'Marco Asensio', 'AttackingMidfielder', 29, 830000, 3, 83, 83, 83, 83, 83),
(1054, 20, 'Mattéo Guendouzi', 'CentralMidfielder', 26, 880000, 3, 88, 88, 88, 88, 88),
(1055, 20, 'Mert Hakan Yandaş', 'AttackingMidfielder', 30, 510000, 3, 51, 51, 51, 51, 51),
(1056, 20, 'N''Golo Kanté', 'DefensiveMidfielder', 34, 730000, 3, 73, 73, 73, 73, 73),
(1057, 20, 'İsmail Yüksek', 'DefensiveMidfielder', 26, 800000, 3, 80, 80, 80, 80, 80),
(1058, 20, 'Anthony Musaba', 'RightWinger', 24, 720000, 3, 72, 72, 72, 72, 72),
(1059, 20, 'Dorgeles Nene', 'RightWinger', 22, 820000, 3, 82, 82, 82, 82, 82),
(1060, 20, 'Emre Mor', 'RightWinger', 28, 540000, 3, 54, 54, 54, 54, 54),
(1061, 20, 'Kerem Aktürkoğlu', 'LeftWinger', 26, 850000, 3, 85, 85, 85, 85, 85),
(1062, 20, 'Oğuz Aydın', 'LeftWinger', 24, 750000, 3, 75, 75, 75, 75, 75),
(1063, 20, 'Sidiki Chérif', 'Striker', 18, 810000, 3, 81, 81, 81, 81, 81),
(1064, 20, 'Talisca', 'Striker', 31, 790000, 3, 79, 79, 79, 79, 79),
(1065, 30, 'Devis Vásquez', 'Goalkeeper', 27, 600000, 3, 60, 60, 60, 60, 60),
(1066, 30, 'Emir Yaşar', 'Goalkeeper', 19, 420000, 3, 42, 42, 42, 42, 42),
(1067, 30, 'Emre Bilgin', 'Goalkeeper', 21, 520000, 3, 52, 52, 52, 52, 52),
(1068, 30, 'Ersin Destanoğlu', 'Goalkeeper', 24, 650000, 3, 65, 65, 65, 65, 65),
(1069, 30, 'Amir Murillo', 'RightBack', 29, 760000, 3, 76, 76, 76, 76, 76),
(1070, 30, 'Emirhan Topçu', 'CenterBack', 24, 730000, 3, 73, 73, 73, 73, 73),
(1071, 30, 'Emmanuel Agbadou', 'CenterBack', 28, 830000, 3, 83, 83, 83, 83, 83),
(1072, 30, 'Felix Uduokhai', 'CenterBack', 27, 690000, 3, 69, 69, 69, 69, 69),
(1073, 30, 'Gökhan Sazdağı', 'RightBack', 30, 600000, 3, 60, 60, 60, 60, 60),
(1074, 30, 'Rıdvan Yılmaz', 'LeftBack', 24, 690000, 3, 69, 69, 69, 69, 69),
(1075, 30, 'Taylan Bulut', 'RightBack', 19, 710000, 3, 71, 71, 71, 71, 71),
(1076, 30, 'Tiago Djaló', 'CenterBack', 25, 740000, 3, 74, 74, 74, 74, 74),
(1077, 30, 'Yasin Özcan', 'LeftBack', 19, 720000, 3, 72, 72, 72, 72, 72),
(1078, 30, 'Junior Olaitan', 'AttackingMidfielder', 23, 710000, 3, 71, 71, 71, 71, 71),
(1079, 30, 'Kartal Yılmaz', 'DefensiveMidfielder', 24, 650000, 3, 65, 65, 65, 65, 65),
(1080, 30, 'Kristjan Asllani', 'DefensiveMidfielder', 23, 800000, 3, 80, 80, 80, 80, 80),
(1081, 30, 'Necip Uysal', 'DefensiveMidfielder', 34, 450000, 3, 45, 45, 45, 45, 45),
(1082, 30, 'Orkun Kökçü', 'CentralMidfielder', 24, 870000, 3, 87, 87, 87, 87, 87),
(1083, 30, 'Salih Uçan', 'CentralMidfielder', 31, 580000, 3, 58, 58, 58, 58, 58),
(1084, 30, 'Wilfred Ndidi', 'DefensiveMidfielder', 28, 790000, 3, 79, 79, 79, 79, 79),
(1085, 30, 'Cengiz Ünder', 'RightWinger', 28, 720000, 3, 72, 72, 72, 72, 72),
(1086, 30, 'Devrim Şahin', 'LeftWinger', 18, 500000, 3, 50, 50, 50, 50, 50),
(1087, 30, 'El Bilal Touré', 'LeftWinger', 23, 810000, 3, 81, 81, 81, 81, 81),
(1088, 30, 'Jota Silva', 'LeftWinger', 26, 790000, 3, 79, 79, 79, 79, 79),
(1089, 30, 'Milot Rashica', 'RightWinger', 29, 690000, 3, 69, 69, 69, 69, 69),
(1090, 30, 'Vaclav Cerny', 'RightWinger', 27, 750000, 3, 75, 75, 75, 75, 75),
(1091, 30, 'Hyeon-gyu Oh', 'Striker', 24, 810000, 3, 81, 81, 81, 81, 81),
(1092, 30, 'Mustafa Hekimoğlu', 'Striker', 18, 720000, 3, 72, 72, 72, 72, 72),
(1093, 40, 'Ahmet Yıldırım', 'Goalkeeper', 18, 390000, 3, 39, 39, 39, 39, 39),
(1094, 40, 'André Onana', 'Goalkeeper', 29, 830000, 3, 83, 83, 83, 83, 83),
(1095, 40, 'Erol Can Çolak', 'Goalkeeper', 19, 390000, 3, 39, 39, 39, 39, 39),
(1096, 40, 'Onuralp Çevikkan', 'Goalkeeper', 19, 570000, 3, 57, 57, 57, 57, 57),
(1097, 40, 'Arda Öztürk', 'CenterBack', 18, 420000, 3, 42, 42, 42, 42, 42),
(1098, 40, 'Arseniy Batagov', 'CenterBack', 23, 760000, 3, 76, 76, 76, 76, 76),
(1099, 40, 'Chibuike Nwaiwu', 'CenterBack', 22, 730000, 3, 73, 73, 73, 73, 73),
(1100, 40, 'Mathias Løvik', 'LeftBack', 21, 690000, 3, 69, 69, 69, 69, 69),
(1101, 40, 'Mustafa Eskihellaç', 'LeftBack', 28, 670000, 3, 67, 67, 67, 67, 67),
(1102, 40, 'Rayyan Baniya', 'CenterBack', 26, 600000, 3, 60, 60, 60, 60, 60),
(1103, 40, 'Stefan Savic', 'CenterBack', 34, 560000, 3, 56, 56, 56, 56, 56),
(1104, 40, 'Taha Emre İnce', 'CenterBack', 18, 420000, 3, 42, 42, 42, 42, 42),
(1105, 40, 'Wagner Pina', 'RightBack', 22, 740000, 3, 74, 74, 74, 74, 74),
(1106, 40, 'Benjamin Bouchouari', 'CentralMidfielder', 23, 730000, 3, 73, 73, 73, 73, 73),
(1107, 40, 'Boran Başkan', 'CentralMidfielder', 19, 420000, 3, 42, 42, 42, 42, 42),
(1108, 40, 'Christ Inao Oulaï', 'CentralMidfielder', 19, 770000, 3, 77, 77, 77, 77, 77),
(1109, 40, 'Ernest Muçi', 'AttackingMidfielder', 24, 760000, 3, 76, 76, 76, 76, 76),
(1110, 40, 'Okay Yokuşlu', 'DefensiveMidfielder', 31, 630000, 3, 63, 63, 63, 63, 63),
(1111, 40, 'Ozan Tufan', 'CentralMidfielder', 30, 610000, 3, 61, 61, 61, 61, 61),
(1112, 40, 'Salih Malkoçoğlu', 'DefensiveMidfielder', 20, 580000, 3, 58, 58, 58, 58, 58),
(1113, 40, 'Tim Jabol-Folcarelli', 'CentralMidfielder', 25, 710000, 3, 71, 71, 71, 71, 71),
(1114, 40, 'Anthony Nwakaeme', 'LeftWinger', 36, 500000, 3, 50, 50, 50, 50, 50),
(1115, 40, 'Cihan Çanak', 'LeftWinger', 20, 670000, 3, 67, 67, 67, 67, 67),
(1116, 40, 'Edin Visca', 'RightWinger', 35, 540000, 3, 54, 54, 54, 54, 54),
(1117, 40, 'Kazeem Olaigbe', 'LeftWinger', 22, 710000, 3, 71, 71, 71, 71, 71),
(1118, 40, 'Oleksandr Zubkov', 'RightWinger', 29, 750000, 3, 75, 75, 75, 75, 75),
(1119, 40, 'Felipe Augusto', 'Striker', 21, 720000, 3, 72, 72, 72, 72, 72),
(1120, 40, 'Paul Onuachu', 'Striker', 31, 730000, 3, 73, 73, 73, 73, 73),
(1121, 40, 'Umut Nayir', 'Striker', 32, 550000, 3, 55, 55, 55, 55, 55),
(1122, 50, 'Doğan Alemdar', 'Goalkeeper', 22, 600000, 3, 60, 60, 60, 60, 60),
(1123, 50, 'Luca Stancic', 'Goalkeeper', 18, 390000, 3, 39, 39, 39, 39, 39),
(1124, 50, 'Muhammed Şengezer', 'Goalkeeper', 28, 650000, 3, 65, 65, 65, 65, 65),
(1125, 50, 'Volkan Babacan', 'Goalkeeper', 36, 420000, 3, 42, 42, 42, 42, 42),
(1126, 50, 'Christopher Operi', 'LeftBack', 28, 690000, 3, 69, 69, 69, 69, 69),
(1127, 50, 'Festy Ebosele', 'RightBack', 23, 700000, 3, 70, 70, 70, 70, 70),
(1128, 50, 'Hamza Güreler', 'CenterBack', 19, 630000, 3, 63, 63, 63, 63, 63),
(1129, 50, 'Jerome Opoku', 'CenterBack', 26, 710000, 3, 71, 71, 71, 71, 71),
(1130, 50, 'Léo Duarte', 'CenterBack', 29, 650000, 3, 65, 65, 65, 65, 65),
(1131, 50, 'Onur Bulut', 'RightBack', 31, 550000, 3, 55, 55, 55, 55, 55),
(1132, 50, 'Ousseynou Ba', 'CenterBack', 29, 620000, 3, 62, 62, 62, 62, 62),
(1133, 50, 'Ömer Ali Şahiner', 'RightBack', 33, 470000, 3, 47, 47, 47, 47, 47),
(1134, 50, 'Abbosbek Fayzullaev', 'AttackingMidfielder', 21, 740000, 3, 74, 74, 74, 74, 74),
(1135, 50, 'Amine Harit', 'AttackingMidfielder', 28, 750000, 3, 75, 75, 75, 75, 75),
(1136, 50, 'Berat Özdemir', 'DefensiveMidfielder', 27, 680000, 3, 68, 68, 68, 68, 68),
(1137, 50, 'Jakub Kaluzinski', 'DefensiveMidfielder', 22, 690000, 3, 69, 69, 69, 69, 69),
(1138, 50, 'Miguel Crespo', 'CentralMidfielder', 28, 670000, 3, 67, 67, 67, 67, 67),
(1139, 50, 'Mohamed Hassan Fofana', 'CentralMidfielder', 20, 400000, 3, 40, 40, 40, 40, 40),
(1140, 50, 'Olivier Kemen', 'CentralMidfielder', 29, 650000, 3, 65, 65, 65, 65, 65),
(1141, 50, 'Onur Ergün', 'DefensiveMidfielder', 32, 470000, 3, 47, 47, 47, 47, 47),
(1142, 50, 'Umut Güneş', 'CentralMidfielder', 25, 640000, 3, 64, 64, 64, 64, 64),
(1143, 50, 'Berkay Aslan', 'LeftWinger', 18, 460000, 3, 46, 46, 46, 46, 46),
(1144, 50, 'Hamza Ljukovac', 'LeftWinger', 20, 420000, 3, 42, 42, 42, 42, 42),
(1145, 50, 'Ivan Brnic', 'LeftWinger', 23, 630000, 3, 63, 63, 63, 63, 63),
(1146, 50, 'Yusuf Sarı', 'RightWinger', 26, 680000, 3, 68, 68, 68, 68, 68),
(1147, 50, 'Bertuğ Yıldırım', 'Striker', 23, 640000, 3, 64, 64, 64, 64, 64),
(1148, 50, 'Davie Selke', 'Striker', 30, 670000, 3, 67, 67, 67, 67, 67),
(1149, 50, 'Eldor Shomurodov', 'Striker', 30, 720000, 3, 72, 72, 72, 72, 72),
(1150, 50, 'Nuno Da Costa', 'Striker', 34, 520000, 3, 52, 52, 52, 52, 52),
(1151, 60, 'Ekrem Kılıçarslan', 'Goalkeeper', 27, 470000, 3, 47, 47, 47, 47, 47),
(1152, 60, 'Mateusz Lis', 'Goalkeeper', 28, 630000, 3, 63, 63, 63, 63, 63),
(1153, 60, 'Nevzat Üzel', 'Goalkeeper', 18, 390000, 3, 39, 39, 39, 39, 39),
(1154, 60, 'Şamil Öztürk', 'Goalkeeper', 20, 420000, 3, 42, 42, 42, 42, 42),
(1155, 60, 'Allan Godói', 'CenterBack', 32, 440000, 3, 44, 44, 44, 44, 44),
(1156, 60, 'Ege Yıldırım', 'CenterBack', 18, 400000, 3, 40, 40, 40, 40, 40),
(1157, 60, 'Furkan Bayır', 'CenterBack', 25, 600000, 3, 60, 60, 60, 60, 60),
(1158, 60, 'Héliton', 'CenterBack', 29, 580000, 3, 58, 58, 58, 58, 58),
(1159, 60, 'Malcom Bokele', 'CenterBack', 25, 680000, 3, 68, 68, 68, 68, 68),
(1160, 60, 'Taha Altıkardeş', 'CenterBack', 21, 720000, 3, 72, 72, 72, 72, 72),
(1161, 60, 'Alexis Antunes', 'AttackingMidfielder', 25, 620000, 3, 62, 62, 62, 62, 62),
(1162, 60, 'Amin Cherni', 'LeftMidfielder', 24, 630000, 3, 63, 63, 63, 63, 63),
(1163, 60, 'Anthony Dennis', 'DefensiveMidfielder', 21, 720000, 3, 72, 72, 72, 72, 72),
(1164, 60, 'Arda Okan Kurtulan', 'RightMidfielder', 22, 650000, 3, 65, 65, 65, 65, 65),
(1165, 60, 'Efkan Bekiroğlu', 'AttackingMidfielder', 29, 590000, 3, 59, 59, 59, 59, 59),
(1166, 60, 'Furkan Malak', 'CentralMidfielder', 20, 390000, 3, 39, 39, 39, 39, 39),
(1167, 60, 'Junior Olaitan', 'AttackingMidfielder', 23, 590000, 3, 59, 59, 59, 59, 59),
(1168, 60, 'Novatus Miroshi', 'DefensiveMidfielder', 22, 630000, 3, 63, 63, 63, 63, 63),
(1169, 60, 'Ogün Bayrak', 'RightMidfielder', 26, 560000, 3, 56, 56, 56, 56, 56),
(1170, 60, 'Rhaldney', 'CentralMidfielder', 26, 580000, 3, 58, 58, 58, 58, 58),
(1171, 60, 'Uğur Kaan Yıldız', 'RightMidfielder', 23, 550000, 3, 55, 55, 55, 55, 55),
(1172, 60, 'İsmail Köybaşı', 'LeftMidfielder', 36, 440000, 3, 44, 44, 44, 44, 44),
(1173, 60, 'Guilherme Luiz', 'Striker', 20, 490000, 3, 49, 49, 49, 49, 49),
(1174, 60, 'Ibrahim Sabra', 'Striker', 19, 500000, 3, 50, 50, 50, 50, 50),
(1175, 60, 'Janderson', 'Striker', 26, 680000, 3, 68, 68, 68, 68, 68),
(1176, 60, 'Jeh', 'Striker', 25, 550000, 3, 55, 55, 55, 55, 55),
(1177, 60, 'Juan', 'Striker', 23, 690000, 3, 69, 69, 69, 69, 69),
(1178, 70, 'Efe Törüz', 'Goalkeeper', 18, 460000, 3, 46, 46, 46, 46, 46),
(1179, 70, 'Halil Yeral', 'Goalkeeper', 25, 690000, 3, 69, 69, 69, 69, 69),
(1180, 70, 'Okan Koçuk', 'Goalkeeper', 30, 720000, 3, 72, 72, 72, 72, 72),
(1181, 70, 'Taha Tosun', 'Goalkeeper', 20, 520000, 3, 52, 52, 52, 52, 52),
(1182, 70, 'Timur Bülbül', 'Goalkeeper', 18, 460000, 3, 46, 46, 46, 46, 46),
(1183, 70, 'Ali Tarkan', 'CenterBack', 19, 490000, 3, 49, 49, 49, 49, 49),
(1184, 70, 'Bedirhan Çetin', 'CenterBack', 19, 490000, 3, 49, 49, 49, 49, 49),
(1185, 70, 'Berat Efe Eser', 'CenterBack', 18, 460000, 3, 46, 46, 46, 46, 46),
(1186, 70, 'Elano Yegen', 'CenterBack', 22, 600000, 3, 60, 60, 60, 60, 60),
(1187, 70, 'Kerem Fidan', 'CenterBack', 19, 490000, 3, 49, 49, 49, 49, 49),
(1188, 70, 'Marc Bola', 'LeftBack', 27, 710000, 3, 71, 71, 71, 71, 71),
(1189, 70, 'Nanu', 'RightBack', 31, 700000, 3, 70, 70, 70, 70, 70),
(1190, 70, 'Rick van Drongelen', 'CenterBack', 26, 720000, 3, 72, 72, 72, 72, 72),
(1191, 70, 'Soner Gönül', 'LeftBack', 28, 730000, 3, 73, 73, 73, 73, 73),
(1192, 70, 'Yunus Çift', 'CenterBack', 21, 560000, 3, 56, 56, 56, 56, 56),
(1193, 70, 'Zeki Yavru', 'RightBack', 33, 630000, 3, 63, 63, 63, 63, 63),
(1194, 70, 'Ľubomír Šatka', 'CenterBack', 29, 710000, 3, 71, 71, 71, 71, 71),
(1195, 70, 'Alper Pazar', 'CentralMidfielder', 20, 530000, 3, 53, 53, 53, 53, 53),
(1196, 70, 'Carlo Holse', 'RightWinger', 26, 770000, 3, 77, 77, 77, 77, 77),
(1197, 70, 'Celil Yüksel', 'DefensiveMidfielder', 27, 640000, 3, 64, 64, 64, 64, 64),
(1198, 70, 'Eyüp Değirmenci', 'CentralMidfielder', 18, 470000, 3, 47, 47, 47, 47, 47),
(1199, 70, 'Flavien Tait', 'AttackingMidfielder', 32, 720000, 3, 72, 72, 72, 72, 72),
(1200, 70, 'Mehmet Kablan', 'CentralMidfielder', 18, 470000, 3, 47, 47, 47, 47, 47),
(1201, 70, 'Muhammet Ali Özbaskıcı', 'CentralMidfielder', 19, 500000, 3, 50, 50, 50, 50, 50),
(1202, 70, 'Olivier Ntcham', 'CentralMidfielder', 29, 750000, 3, 75, 75, 75, 75, 75),
(1203, 70, 'Soner Aydoğdu', 'AttackingMidfielder', 34, 630000, 3, 63, 63, 63, 63, 63),
(1204, 70, 'Youssef Aït Bennasser', 'DefensiveMidfielder', 29, 730000, 3, 73, 73, 73, 73, 73),
(1205, 70, 'Arbnor Muja', 'RightWinger', 26, 700000, 3, 70, 70, 70, 70, 70),
(1206, 70, 'Emre Köroğlu', 'Striker', 19, 510000, 3, 51, 51, 51, 51, 51),
(1207, 70, 'Emre Kılınç', 'LeftWinger', 30, 710000, 3, 71, 71, 71, 71, 71),
(1208, 70, 'Kingsley Schindler', 'RightWinger', 32, 670000, 3, 67, 67, 67, 67, 67),
(1209, 70, 'Landry Dimata', 'Striker', 27, 690000, 3, 69, 69, 69, 69, 69),
(1210, 70, 'Marius Mouandilmadji', 'Striker', 27, 730000, 3, 73, 73, 73, 73, 73),
(1211, 80, 'Canberk Yurdakul', 'Goalkeeper', 24, 660000, 3, 66, 66, 66, 66, 66),
(1212, 80, 'Efe Doğan', 'Goalkeeper', 20, 510000, 3, 51, 51, 51, 51, 51),
(1213, 80, 'Erdem Canpolat', 'Goalkeeper', 24, 670000, 3, 67, 67, 67, 67, 67),
(1214, 80, 'Zafer Görgen', 'Goalkeeper', 25, 680000, 3, 68, 68, 68, 68, 68),
(1215, 80, 'Anıl Yaşar', 'RightBack', 23, 630000, 3, 63, 63, 63, 63, 63),
(1216, 80, 'Attila Mocsi', 'CenterBack', 25, 720000, 3, 72, 72, 72, 72, 72),
(1217, 80, 'Aziz Aksoy', 'CenterBack', 25, 680000, 3, 68, 68, 68, 68, 68),
(1218, 80, 'Casper Højer Nielsen', 'LeftBack', 30, 710000, 3, 71, 71, 71, 71, 71),
(1219, 80, 'Eren Aydın', 'CenterBack', 20, 570000, 3, 57, 57, 57, 57, 57),
(1220, 80, 'Habil Özbakır', 'CenterBack', 20, 510000, 3, 51, 51, 51, 51, 51),
(1221, 80, 'Hüseyincan Kırıkcı', 'CenterBack', 21, 550000, 3, 55, 55, 55, 55, 55),
(1222, 80, 'Khusniddin Aliqulov', 'CenterBack', 26, 720000, 3, 72, 72, 72, 72, 72),
(1223, 80, 'Mustafa Şengül', 'CenterBack', 26, 700000, 3, 70, 70, 70, 70, 70),
(1224, 80, 'Samet Akaydın', 'CenterBack', 31, 690000, 3, 69, 69, 69, 69, 69),
(1225, 80, 'Taha Şahin', 'RightBack', 24, 720000, 3, 72, 72, 72, 72, 72),
(1226, 80, 'Dal Varešanović', 'AttackingMidfielder', 24, 700000, 3, 70, 70, 70, 70, 70),
(1227, 80, 'Efe Geçim', 'CentralMidfielder', 20, 520000, 3, 52, 52, 52, 52, 52),
(1228, 80, 'Emirhan Yılmaz', 'CentralMidfielder', 21, 560000, 3, 56, 56, 56, 56, 56),
(1229, 80, 'Giannis Papanikolaou', 'DefensiveMidfielder', 26, 710000, 3, 71, 71, 71, 71, 71),
(1230, 80, 'Ibrahim Olawoyin', 'RightWinger', 27, 750000, 3, 75, 75, 75, 75, 75),
(1231, 80, 'Mithat Pala', 'DefensiveMidfielder', 24, 650000, 3, 65, 65, 65, 65, 65),
(1232, 80, 'Muhamed Buljubašić', 'CentralMidfielder', 21, 660000, 3, 66, 66, 66, 66, 66),
(1233, 80, 'Ozan Koç', 'AttackingMidfielder', 24, 670000, 3, 67, 67, 67, 67, 67),
(1234, 80, 'Altin Zeqiri', 'Striker', 25, 690000, 3, 69, 69, 69, 69, 69),
(1235, 80, 'Benhur Keser', 'RightWinger', 28, 620000, 3, 62, 62, 62, 62, 62),
(1236, 80, 'Doğanay Avcı', 'RightWinger', 19, 500000, 3, 50, 50, 50, 50, 50),
(1237, 80, 'Efe Tecimer', 'Striker', 22, 610000, 3, 61, 61, 61, 61, 61),
(1238, 80, 'Emrecan Bulut', 'Striker', 22, 650000, 3, 65, 65, 65, 65, 65),
(1239, 80, 'Furkan Orak', 'LeftWinger', 24, 680000, 3, 68, 68, 68, 68, 68),
(1240, 80, 'Güvenç Usta', 'Striker', 21, 570000, 3, 57, 57, 57, 57, 57),
(1241, 80, 'Halil Dervişoğlu', 'Striker', 25, 700000, 3, 70, 70, 70, 70, 70),
(1242, 80, 'Remzi Kolcuoğlu', 'Striker', 21, 570000, 3, 57, 57, 57, 57, 57),
(1243, 80, 'Václav Jurečka', 'Striker', 31, 730000, 3, 73, 73, 73, 73, 73),
(1244, 90, 'Berke Özer', 'Goalkeeper', 25, 750000, 3, 75, 75, 75, 75, 75),
(1245, 90, 'Burak Diker', 'Goalkeeper', 20, 520000, 3, 52, 52, 52, 52, 52),
(1246, 90, 'Cengiz Köseer', 'Goalkeeper', 22, 600000, 3, 60, 60, 60, 60, 60),
(1247, 90, 'Halil Yeral', 'Goalkeeper', 25, 690000, 3, 69, 69, 69, 69, 69),
(1248, 90, 'Ahmet Özkaya', 'RightBack', 20, 520000, 3, 52, 52, 52, 52, 52),
(1249, 90, 'Emir Ortakaya', 'CenterBack', 21, 560000, 3, 56, 56, 56, 56, 56),
(1250, 90, 'Fethi Özer', 'CenterBack', 28, 730000, 3, 73, 73, 73, 73, 73),
(1251, 90, 'Luccas Claro', 'CenterBack', 33, 680000, 3, 68, 68, 68, 68, 68),
(1252, 90, 'Muhammet Yeşil', 'CenterBack', 24, 670000, 3, 67, 67, 67, 67, 67),
(1253, 90, 'Mustafa Damar', 'CenterBack', 21, 560000, 3, 56, 56, 56, 56, 56),
(1254, 90, 'Nihad Mujakić', 'CenterBack', 27, 700000, 3, 70, 70, 70, 70, 70),
(1255, 90, 'Talha Ülvan', 'RightBack', 24, 670000, 3, 67, 67, 67, 67, 67),
(1256, 90, 'Umut Meraş', 'LeftBack', 29, 670000, 3, 67, 67, 67, 67, 67),
(1257, 90, 'Berkay Kumlu', 'CentralMidfielder', 20, 530000, 3, 53, 53, 53, 53, 53),
(1258, 90, 'Buğra Çağlıyan', 'CentralMidfielder', 21, 570000, 3, 57, 57, 57, 57, 57),
(1259, 90, 'Can Bayırkan', 'CentralMidfielder', 22, 610000, 3, 61, 61, 61, 61, 61),
(1260, 90, 'Emre Akbaba', 'AttackingMidfielder', 32, 710000, 3, 71, 71, 71, 71, 71),
(1261, 90, 'Erdem Çalık', 'CentralMidfielder', 19, 500000, 3, 50, 50, 50, 50, 50),
(1262, 90, 'Hamza Akman', 'CentralMidfielder', 20, 530000, 3, 53, 53, 53, 53, 53),
(1263, 90, 'Kerem Demirbay', 'CentralMidfielder', 32, 730000, 3, 73, 73, 73, 73, 73),
(1264, 90, 'Melih Kabasakal', 'DefensiveMidfielder', 29, 650000, 3, 65, 65, 65, 65, 65),
(1265, 90, 'Robin Yalçın', 'DefensiveMidfielder', 31, 660000, 3, 66, 66, 66, 66, 66),
(1266, 90, 'Samu Sáiz', 'AttackingMidfielder', 34, 710000, 3, 71, 71, 71, 71, 71),
(1267, 90, 'Svit Sešlar', 'AttackingMidfielder', 23, 720000, 3, 72, 72, 72, 72, 72),
(1268, 90, 'Taras Stepanenko', 'DefensiveMidfielder', 36, 700000, 3, 70, 70, 70, 70, 70),
(1269, 90, 'Taşkın İlter', 'RightMidfielder', 31, 640000, 3, 64, 64, 64, 64, 64),
(1270, 90, 'Yalçın Kayan', 'CentralMidfielder', 26, 720000, 3, 72, 72, 72, 72, 72),
(1271, 90, 'İsmail Fidan', 'CentralMidfielder', 22, 610000, 3, 61, 61, 61, 61, 61),
(1272, 90, 'Ahmet Yazar', 'Striker', 30, 740000, 3, 74, 74, 74, 74, 74),
(1273, 90, 'Halil Akbunar', 'RightWinger', 31, 680000, 3, 68, 68, 68, 68, 68),
(1274, 90, 'Harun Özcan', 'Striker', 25, 710000, 3, 71, 71, 71, 71, 71),
(1275, 90, 'Hüseyin Maldar', 'Striker', 18, 480000, 3, 48, 48, 48, 48, 48),
(1276, 90, 'Mame Thiam', 'Striker', 32, 740000, 3, 74, 74, 74, 74, 74),
(1277, 90, 'Mete Demir', 'Striker', 27, 740000, 3, 74, 74, 74, 74, 74),
(1278, 90, 'Prince Ampem', 'LeftWinger', 27, 690000, 3, 69, 69, 69, 69, 69),
(1279, 90, 'Serdar Gürler', 'RightWinger', 33, 720000, 3, 72, 72, 72, 72, 72),
(1280, 90, 'Umut Bozok', 'Striker', 28, 690000, 3, 69, 69, 69, 69, 69),
(1281, 100, 'Ali Yanar', 'Goalkeeper', 27, 700000, 3, 70, 70, 70, 70, 70),
(1282, 100, 'Andreas Gianniotis', 'Goalkeeper', 32, 680000, 3, 68, 68, 68, 68, 68),
(1283, 100, 'Ege Albayrak', 'Goalkeeper', 17, 420000, 3, 42, 42, 42, 42, 42),
(1284, 100, 'Sinan Bolat', 'Goalkeeper', 36, 600000, 3, 60, 60, 60, 60, 60),
(1285, 100, 'Şant Kazancı', 'Goalkeeper', 16, 520000, 3, 52, 52, 52, 52, 52),
(1286, 100, 'Adnan Aktas', 'CenterBack', 18, 440000, 3, 44, 44, 44, 44, 44),
(1287, 100, 'Berkay Muratoğlu', 'RightBack', 17, 420000, 3, 42, 42, 42, 42, 42),
(1288, 100, 'Cláudio Winck', 'RightBack', 31, 680000, 3, 68, 68, 68, 68, 68),
(1289, 100, 'Ege Ketahte', 'LeftBack', 16, 520000, 3, 52, 52, 52, 52, 52),
(1290, 100, 'Eren Şehitoğlu', 'Striker', 18, 440000, 3, 44, 44, 44, 44, 44),
(1291, 100, 'Furkan Ulupinar', 'RightBack', 19, 470000, 3, 47, 47, 47, 47, 47),
(1292, 100, 'Jhon Espínoza', 'RightBack', 26, 660000, 3, 66, 66, 66, 66, 66),
(1293, 100, 'Kamil Piątkowski', 'CenterBack', 25, 720000, 3, 72, 72, 72, 72, 72),
(1294, 100, 'Kévin Rodrigues', 'LeftBack', 31, 690000, 3, 69, 69, 69, 69, 69),
(1295, 100, 'Nicholas Opoku', 'CenterBack', 27, 670000, 3, 67, 67, 67, 67, 67),
(1296, 100, 'Sadık Çiftpınar', 'CenterBack', 32, 630000, 3, 63, 63, 63, 63, 63),
(1297, 100, 'Serhat Akçay', 'CenterBack', 19, 470000, 3, 47, 47, 47, 47, 47),
(1298, 100, 'Taylan Aydın', 'RightBack', 19, 470000, 3, 47, 47, 47, 47, 47),
(1299, 100, 'Yasin Özcan', 'LeftBack', 19, 680000, 3, 68, 68, 68, 68, 68),
(1300, 100, 'Yunus Emre Atakaya', 'CenterBack', 21, 540000, 3, 54, 54, 54, 54, 54),
(1301, 100, 'Ömer Ecin', 'CenterBack', 17, 420000, 3, 42, 42, 42, 42, 42),
(1302, 100, 'Antonín Barák', 'AttackingMidfielder', 30, 750000, 3, 75, 75, 75, 75, 75),
(1303, 100, 'Atakan Müjde', 'CentralMidfielder', 21, 550000, 3, 55, 55, 55, 55, 55),
(1304, 100, 'Aytaç Kara', 'DefensiveMidfielder', 32, 660000, 3, 66, 66, 66, 66, 66),
(1305, 100, 'Cafú', 'CentralMidfielder', 32, 700000, 3, 70, 70, 70, 70, 70),
(1306, 100, 'Gökhan Gül', 'DefensiveMidfielder', 27, 650000, 3, 65, 65, 65, 65, 65),
(1307, 100, 'Haris Hajradinović', 'AttackingMidfielder', 31, 780000, 3, 78, 78, 78, 78, 78),
(1308, 100, 'Yusuf İnci', 'CentralMidfielder', 20, 510000, 3, 51, 51, 51, 51, 51),
(1309, 100, 'Bahtiyar Özden', 'Striker', 16, 540000, 3, 54, 54, 54, 54, 54),
(1310, 100, 'Burak Turalı', 'Striker', 17, 440000, 3, 44, 44, 44, 44, 44),
(1311, 100, 'Can Keleş', 'RightWinger', 23, 640000, 3, 64, 64, 64, 64, 64),
(1312, 100, 'Emirhan Yiğit', 'Striker', 19, 490000, 3, 49, 49, 49, 49, 49),
(1313, 100, 'Josip Brekalo', 'LeftWinger', 27, 770000, 3, 77, 77, 77, 77, 77),
(1314, 100, 'Mamadou Fall', 'Striker', 33, 640000, 3, 64, 64, 64, 64, 64),
(1315, 100, 'Mortadha Ben Ouanes', 'LeftWinger', 31, 690000, 3, 69, 69, 69, 69, 69),
(1316, 100, 'Nuno Da Costa', 'Striker', 34, 700000, 3, 70, 70, 70, 70, 70),
(1317, 100, 'Sarp Yavrucu', 'Striker', 20, 520000, 3, 52, 52, 52, 52, 52),
(1318, 110, 'Ahmet Daş', 'Goalkeeper', 25, 660000, 3, 66, 66, 66, 66, 66),
(1319, 110, 'Bahadır Güngördü', 'Goalkeeper', 29, 640000, 3, 64, 64, 64, 64, 64),
(1320, 110, 'Deniz Ertaş', 'Goalkeeper', 20, 670000, 3, 67, 67, 67, 67, 67),
(1321, 110, 'Egemen Aydın', 'Goalkeeper', 18, 430000, 3, 43, 43, 43, 43, 43),
(1322, 110, 'Abdurrahman Üresin', 'CenterBack', 21, 530000, 3, 53, 53, 53, 53, 53),
(1323, 110, 'Adil Demirbağ', 'CenterBack', 27, 690000, 3, 69, 69, 69, 69, 69),
(1324, 110, 'Filip Damjanović', 'CenterBack', 27, 690000, 3, 69, 69, 69, 69, 69),
(1325, 110, 'Josip Čalušić', 'CenterBack', 31, 670000, 3, 67, 67, 67, 67, 67),
(1326, 110, 'Mehmet Kaya', 'CenterBack', 20, 490000, 3, 49, 49, 49, 49, 49),
(1327, 110, 'Mert Korkmaz', 'RightBack', 24, 640000, 3, 64, 64, 64, 64, 64),
(1328, 110, 'Metehan Mert', 'CenterBack', 26, 680000, 3, 68, 68, 68, 68, 68),
(1329, 110, 'Nafican Yardımcı', 'RightBack', 24, 640000, 3, 64, 64, 64, 64, 64),
(1330, 110, 'Riechedly Bazoer', 'CenterBack', 28, 740000, 3, 74, 74, 74, 74, 74),
(1331, 110, 'Rıdvan Dönmez', 'LeftBack', 22, 570000, 3, 57, 57, 57, 57, 57),
(1332, 110, 'Uğurcan Yazğılı', 'CenterBack', 26, 660000, 3, 66, 66, 66, 66, 66),
(1333, 110, 'Yasir Subaşı', 'LeftBack', 29, 660000, 3, 66, 66, 66, 66, 66),
(1334, 110, 'Yaşar Kavas', 'RightBack', 21, 530000, 3, 53, 53, 53, 53, 53),
(1335, 110, 'Yhoan Andzouana', 'LeftBack', 28, 690000, 3, 69, 69, 69, 69, 69),
(1336, 110, 'Danijel Aleksić', 'AttackingMidfielder', 34, 700000, 3, 70, 70, 70, 70, 70),
(1337, 110, 'Emmanuel Boateng', 'RightWinger', 28, 690000, 3, 69, 69, 69, 69, 69),
(1338, 110, 'Enis Bardhi', 'AttackingMidfielder', 30, 740000, 3, 74, 74, 74, 74, 74),
(1339, 110, 'Kaan Akyazı', 'CentralMidfielder', 19, 470000, 3, 47, 47, 47, 47, 47),
(1340, 110, 'Mustafa Celik', 'CentralMidfielder', 19, 470000, 3, 47, 47, 47, 47, 47),
(1341, 110, 'Mørten Bjørlo', 'CentralMidfielder', 29, 670000, 3, 67, 67, 67, 67, 67),
(1342, 110, 'Ufuk Akyol', 'DefensiveMidfielder', 27, 700000, 3, 70, 70, 70, 70, 70),
(1343, 110, 'Alassane Ndao', 'RightWinger', 28, 700000, 3, 70, 70, 70, 70, 70),
(1344, 110, 'Blaž Kramer', 'Striker', 29, 720000, 3, 72, 72, 72, 72, 72),
(1345, 110, 'Bouly Sambou', 'Striker', 26, 700000, 3, 70, 70, 70, 70, 70),
(1346, 110, 'Tunahan Taşçı', 'LeftWinger', 23, 630000, 3, 63, 63, 63, 63, 63),
(1347, 110, 'Umut Nayir', 'Striker', 32, 650000, 3, 65, 65, 65, 65, 65),
(1348, 120, 'Ekin Ciftci', 'Goalkeeper', 16, 510000, 3, 51, 51, 51, 51, 51),
(1349, 120, 'Ertuğrul Taşkıran', 'Goalkeeper', 35, 620000, 3, 62, 62, 62, 62, 62),
(1350, 120, 'Hamza Koçer', 'Goalkeeper', 17, 410000, 3, 41, 41, 41, 41, 41),
(1351, 120, 'Mert Bayram', 'Goalkeeper', 20, 490000, 3, 49, 49, 49, 49, 49),
(1352, 120, 'Tunahan Kirli', 'Goalkeeper', 17, 410000, 3, 41, 41, 41, 41, 41),
(1353, 120, 'Yusuf Karagöz', 'Goalkeeper', 25, 660000, 3, 66, 66, 66, 66, 66),
(1354, 120, 'Batuhan Yavuz', 'CenterBack', 20, 490000, 3, 49, 49, 49, 49, 49),
(1355, 120, 'Fatih Aksoy', 'CenterBack', 27, 680000, 3, 68, 68, 68, 68, 68),
(1356, 120, 'Fidan Aliti', 'CenterBack', 31, 670000, 3, 67, 67, 67, 67, 67),
(1357, 120, 'Florent Hadergjonaj', 'RightBack', 31, 710000, 3, 71, 71, 71, 71, 71),
(1358, 120, 'Jure Balkovec', 'LeftBack', 30, 700000, 3, 70, 70, 70, 70, 70),
(1359, 120, 'Nuno Lima', 'CenterBack', 24, 670000, 3, 67, 67, 67, 67, 67),
(1360, 120, 'Omer Karslioglu', 'CenterBack', 17, 410000, 3, 41, 41, 41, 41, 41),
(1361, 120, 'Umut Toy', 'LeftBack', 21, 530000, 3, 53, 53, 53, 53, 53),
(1362, 120, 'Yusuf Özdemir', 'LeftBack', 24, 690000, 3, 69, 69, 69, 69, 69),
(1363, 120, 'Buluthan Bulut', 'CentralMidfielder', 23, 620000, 3, 62, 62, 62, 62, 62),
(1364, 120, 'Efecan Karaca', 'RightWinger', 35, 660000, 3, 66, 66, 66, 66, 66),
(1365, 120, 'Enes Keskin', 'CentralMidfielder', 24, 650000, 3, 65, 65, 65, 65, 65),
(1366, 120, 'Eren Altıntaş', 'CentralMidfielder', 21, 540000, 3, 54, 54, 54, 54, 54),
(1367, 120, 'Gaïus Makouta', 'CentralMidfielder', 28, 700000, 3, 70, 70, 70, 70, 70),
(1368, 120, 'Muhammet Apaydın', 'CentralMidfielder', 19, 470000, 3, 47, 47, 47, 47, 47),
(1369, 120, 'Nejdet Nezir Bilin', 'CentralMidfielder', 18, 440000, 3, 44, 44, 44, 44, 44),
(1370, 120, 'Nicolas Janvier', 'AttackingMidfielder', 26, 650000, 3, 65, 65, 65, 65, 65),
(1371, 120, 'Richard', 'DefensiveMidfielder', 31, 670000, 3, 67, 67, 67, 67, 67),
(1372, 120, 'Taha Celik', 'CentralMidfielder', 16, 520000, 3, 52, 52, 52, 52, 52),
(1373, 120, 'Tonny Vilhena', 'CentralMidfielder', 30, 680000, 3, 68, 68, 68, 68, 68),
(1374, 120, 'Yusuf Karademir', 'AttackingMidfielder', 17, 420000, 3, 42, 42, 42, 42, 42),
(1375, 120, 'Yusuf Kurt', 'CentralMidfielder', 23, 620000, 3, 62, 62, 62, 62, 62),
(1376, 120, 'Andraž Šporar', 'Striker', 31, 720000, 3, 72, 72, 72, 72, 72),
(1377, 120, 'Arda Usluoğlu', 'Striker', 18, 450000, 3, 45, 45, 45, 45, 45),
(1378, 120, 'Hüseyin Şen', 'Striker', 16, 530000, 3, 53, 53, 53, 53, 53),
(1379, 120, 'Sergio Córdova', 'Striker', 27, 710000, 3, 71, 71, 71, 71, 71),
(1380, 120, 'Ui-jo Hwang', 'Striker', 32, 720000, 3, 72, 72, 72, 72, 72),
(1381, 120, 'İslam Aydın', 'Striker', 19, 480000, 3, 48, 48, 48, 48, 48),
(1382, 130, 'Abdullah Yiğiter', 'Goalkeeper', 25, 660000, 3, 66, 66, 66, 66, 66),
(1383, 130, 'Ataberk Dadakdeniz', 'Goalkeeper', 26, 680000, 3, 68, 68, 68, 68, 68),
(1384, 130, 'Doğukan Özkan', 'Goalkeeper', 25, 660000, 3, 66, 66, 66, 66, 66),
(1385, 130, 'Kağan Arıcan', 'Goalkeeper', 19, 460000, 3, 46, 46, 46, 46, 46),
(1386, 130, 'Kenan Pirić', 'Goalkeeper', 31, 680000, 3, 68, 68, 68, 68, 68),
(1387, 130, 'Abdurrahim Dursun', 'LeftBack', 26, 630000, 3, 63, 63, 63, 63, 63),
(1388, 130, 'Amar Gerxhaliu', 'CenterBack', 23, 670000, 3, 67, 67, 67, 67, 67),
(1389, 130, 'Bahadır Öztürk', 'CenterBack', 29, 640000, 3, 64, 64, 64, 64, 64),
(1390, 130, 'Bünyamin Balcı', 'RightBack', 25, 660000, 3, 66, 66, 66, 66, 66),
(1391, 130, 'Efecan Gülerce', 'CenterBack', 23, 610000, 3, 61, 61, 61, 61, 61),
(1392, 130, 'Erdoğan Yeşilyurt', 'LeftMidfielder', 31, 670000, 3, 67, 67, 67, 67, 67),
(1393, 130, 'Güray Vural', 'LeftBack', 37, 570000, 3, 57, 57, 57, 57, 57),
(1394, 130, 'Harun Toprak', 'CenterBack', 20, 490000, 3, 49, 49, 49, 49, 49),
(1395, 130, 'Mert Yılmaz', 'RightBack', 26, 650000, 3, 65, 65, 65, 65, 65),
(1396, 130, 'Veysel Sarı', 'CenterBack', 37, 580000, 3, 58, 58, 58, 58, 58),
(1397, 130, 'Deni Milošević', 'AttackingMidfielder', 30, 630000, 3, 63, 63, 63, 63, 63),
(1398, 130, 'Jakub Kałuziński', 'CentralMidfielder', 22, 730000, 3, 73, 73, 73, 73, 73),
(1399, 130, 'Oleksandr Petrusenko', 'DefensiveMidfielder', 27, 660000, 3, 66, 66, 66, 66, 66),
(1400, 130, 'Sander van de Streek', 'AttackingMidfielder', 32, 670000, 3, 67, 67, 67, 67, 67),
(1401, 130, 'Soner Dikmen', 'DefensiveMidfielder', 31, 620000, 3, 62, 62, 62, 62, 62),
(1402, 130, 'Yannick Nkurunziza', 'CentralMidfielder', 23, 620000, 3, 62, 62, 62, 62, 62),
(1403, 130, 'Andros Townsend', 'RightWinger', 34, 680000, 3, 68, 68, 68, 68, 68),
(1404, 130, 'Braian Samudio', 'Striker', 29, 690000, 3, 69, 69, 69, 69, 69),
(1405, 130, 'Mehmet İlhan', 'Striker', 21, 550000, 3, 55, 55, 55, 55, 55),
(1406, 140, 'Halil Bağcı', 'Goalkeeper', 22, 570000, 3, 57, 57, 57, 57, 57),
(1407, 140, 'Mustafa Bozan', 'Goalkeeper', 24, 610000, 3, 61, 61, 61, 61, 61),
(1408, 140, 'Sokratis Dioudis', 'Goalkeeper', 32, 670000, 3, 67, 67, 67, 67, 67),
(1409, 140, 'Arda Kızıldağ', 'CenterBack', 26, 650000, 3, 65, 65, 65, 65, 65),
(1410, 140, 'Godfrey Stephen', 'CenterBack', 24, 640000, 3, 64, 64, 64, 64, 64),
(1411, 140, 'Myenty Abena', 'CenterBack', 30, 670000, 3, 67, 67, 67, 67, 67),
(1412, 140, 'Onur Başyiğit', 'RightBack', 21, 530000, 3, 53, 53, 53, 53, 53),
(1413, 140, 'Salem M''Bakata', 'RightBack', 27, 660000, 3, 66, 66, 66, 66, 66),
(1414, 140, 'Semih Güler', 'CenterBack', 30, 650000, 3, 65, 65, 65, 65, 65),
(1415, 140, 'Ömürcan Artan', 'RightBack', 26, 680000, 3, 68, 68, 68, 68, 68),
(1416, 140, 'İzzet Erdal', 'LeftBack', 20, 490000, 3, 49, 49, 49, 49, 49),
(1417, 140, 'Alexandru Maxim', 'AttackingMidfielder', 35, 700000, 3, 70, 70, 70, 70, 70),
(1418, 140, 'Badou Ndiaye', 'CentralMidfielder', 34, 670000, 3, 67, 67, 67, 67, 67),
(1419, 140, 'Berke Gürbüz', 'AttackingMidfielder', 22, 580000, 3, 58, 58, 58, 58, 58),
(1420, 140, 'Deian Sorescu', 'RightMidfielder', 27, 700000, 3, 70, 70, 70, 70, 70),
(1421, 140, 'Eren Çakır', 'CentralMidfielder', 21, 540000, 3, 54, 54, 54, 54, 54),
(1422, 140, 'Furkan Soyalp', 'AttackingMidfielder', 30, 650000, 3, 65, 65, 65, 65, 65),
(1423, 140, 'Kacper Kozłowski', 'AttackingMidfielder', 21, 730000, 3, 73, 73, 73, 73, 73),
(1424, 140, 'Ogün Özçiçek', 'DefensiveMidfielder', 26, 640000, 3, 64, 64, 64, 64, 64),
(1425, 140, 'Onurhan Babuşcu', 'AttackingMidfielder', 21, 540000, 3, 54, 54, 54, 54, 54),
(1426, 140, 'Quentin Daubin', 'DefensiveMidfielder', 30, 670000, 3, 67, 67, 67, 67, 67),
(1427, 140, 'Ali Ablak', 'RightWinger', 22, 590000, 3, 59, 59, 59, 59, 59),
(1428, 140, 'Burak Enes Yıkıcı', 'Striker', 21, 550000, 3, 55, 55, 55, 55, 55),
(1429, 140, 'Christopher Lungoyi', 'LeftWinger', 25, 680000, 3, 68, 68, 68, 68, 68),
(1430, 140, 'Emmanuel Boateng', 'RightWinger', 29, 690000, 3, 69, 69, 69, 69, 69),
(1431, 140, 'Eren Erdoğan', 'LeftWinger', 24, 660000, 3, 66, 66, 66, 66, 66),
(1432, 140, 'Mehmet Kuzucu', 'Striker', 21, 550000, 3, 55, 55, 55, 55, 55),
(1433, 140, 'Mirza Cihan', 'RightWinger', 24, 660000, 3, 66, 66, 66, 66, 66),
(1434, 140, 'İlker Karakaş', 'Striker', 26, 700000, 3, 70, 70, 70, 70, 70),
(1435, 150, 'Bilal Bayazıt', 'Goalkeeper', 26, 700000, 3, 70, 70, 70, 70, 70),
(1436, 150, 'Onurcan Piri', 'Goalkeeper', 30, 690000, 3, 69, 69, 69, 69, 69),
(1437, 150, 'Şamil Öztürk', 'Goalkeeper', 20, 490000, 3, 49, 49, 49, 49, 49),
(1438, 150, 'Ahmet Malatyalı', 'CenterBack', 22, 570000, 3, 57, 57, 57, 57, 57),
(1439, 150, 'Alperen Öztaş', 'CenterBack', 18, 430000, 3, 43, 43, 43, 43, 43),
(1440, 150, 'Arif Kocaman', 'CenterBack', 21, 620000, 3, 62, 62, 62, 62, 62),
(1441, 150, 'Bilal Ceylan', 'RightBack', 20, 490000, 3, 49, 49, 49, 49, 49),
(1442, 150, 'Gökhan Sazdağı', 'RightBack', 30, 650000, 3, 65, 65, 65, 65, 65),
(1443, 150, 'Joseph Attamah', 'CenterBack', 31, 660000, 3, 66, 66, 66, 66, 66),
(1444, 150, 'Kayra Cihan', 'CenterBack', 17, 410000, 3, 41, 41, 41, 41, 41),
(1445, 150, 'Lionel Carole', 'LeftBack', 34, 650000, 3, 65, 65, 65, 65, 65),
(1446, 150, 'Majid Hosseini', 'CenterBack', 29, 710000, 3, 71, 71, 71, 71, 71),
(1447, 150, 'Mehmet Eray Özbek', 'CenterBack', 22, 570000, 3, 57, 57, 57, 57, 57),
(1448, 150, 'Muhammed Arıkan', 'RightBack', 20, 490000, 3, 49, 49, 49, 49, 49),
(1449, 150, 'Necip Özer', 'CenterBack', 18, 430000, 3, 43, 43, 43, 43, 43),
(1450, 150, 'Ali Karimi', 'CentralMidfielder', 31, 680000, 3, 68, 68, 68, 68, 68),
(1451, 150, 'Baran Gezek', 'CentralMidfielder', 19, 470000, 3, 47, 47, 47, 47, 47),
(1452, 150, 'Berat Eskin', 'CentralMidfielder', 20, 500000, 3, 50, 50, 50, 50, 50),
(1453, 150, 'Miguel Cardoso', 'LeftWinger', 31, 710000, 3, 71, 71, 71, 71, 71),
(1454, 150, 'Yaw Ackah', 'DefensiveMidfielder', 26, 650000, 3, 65, 65, 65, 65, 65),
(1455, 150, 'Yiğit Çeltik', 'RightMidfielder', 22, 580000, 3, 58, 58, 58, 58, 58),
(1456, 150, 'Berkan Aslan', 'LeftWinger', 21, 550000, 3, 55, 55, 55, 55, 55),
(1457, 150, 'Carlos Mané', 'RightWinger', 31, 710000, 3, 71, 71, 71, 71, 71),
(1458, 150, 'Duckens Nazon', 'Striker', 31, 690000, 3, 69, 69, 69, 69, 69),
(1459, 150, 'Ethem Balcı', 'RightWinger', 22, 590000, 3, 59, 59, 59, 59, 59),
(1460, 150, 'Nurettin Korkmaz', 'LeftWinger', 23, 630000, 3, 63, 63, 63, 63, 63),
(1461, 150, 'Ramazan Civelek', 'RightMidfielder', 29, 640000, 3, 64, 64, 64, 64, 64),
(1462, 150, 'Stéphane Bahoken', 'Striker', 33, 670000, 3, 67, 67, 67, 67, 67),
(1463, 150, 'Talha Sarıarslan', 'Striker', 21, 550000, 3, 55, 55, 55, 55, 55),
(1464, 160, 'Ahmet Hasan Göcen', 'Goalkeeper', 22, 580000, 3, 58, 58, 58, 58, 58),
(1465, 160, 'Aleksandar Jovanović', 'Goalkeeper', 32, 690000, 3, 69, 69, 69, 69, 69),
(1466, 160, 'Gökhan Değirmenci', 'Goalkeeper', 36, 600000, 3, 60, 60, 60, 60, 60),
(1467, 160, 'Aaron Appindangoyé', 'CenterBack', 33, 670000, 3, 67, 67, 67, 67, 67),
(1468, 160, 'Ahmet Oğuz', 'RightBack', 32, 650000, 3, 65, 65, 65, 65, 65),
(1469, 160, 'Emre Gedik', 'CenterBack', 26, 690000, 3, 69, 69, 69, 69, 69),
(1470, 160, 'Furkan Uludaş', 'LeftBack', 21, 540000, 3, 54, 54, 54, 54, 54),
(1471, 160, 'Haşim Sarman', 'CenterBack', 22, 580000, 3, 58, 58, 58, 58, 58),
(1472, 160, 'Massadio Haïdara', 'LeftBack', 32, 680000, 3, 68, 68, 68, 68, 68),
(1473, 160, 'Muharrem Cinan', 'CenterBack', 27, 700000, 3, 70, 70, 70, 70, 70),
(1474, 160, 'Onur Öztonga', 'RightBack', 25, 670000, 3, 67, 67, 67, 67, 67),
(1475, 160, 'Tarkan Serbest', 'DefensiveMidfielder', 31, 650000, 3, 65, 65, 65, 65, 65),
(1476, 160, 'Cihat Çelik', 'CentralMidfielder', 29, 660000, 3, 66, 66, 66, 66, 66),
(1477, 160, 'Furkan Gedik', 'CentralMidfielder', 23, 630000, 3, 63, 63, 63, 63, 63),
(1478, 160, 'Furkan Özyapı', 'AttackingMidfielder', 26, 700000, 3, 70, 70, 70, 70, 70),
(1479, 160, 'Joseph Nonge', 'CentralMidfielder', 20, 510000, 3, 51, 51, 51, 51, 51),
(1480, 160, 'Mesut Tunalı', 'AttackingMidfielder', 24, 660000, 3, 66, 66, 66, 66, 66),
(1481, 160, 'Mijo Caktaš', 'AttackingMidfielder', 33, 710000, 3, 71, 71, 71, 71, 71),
(1482, 160, 'Pedrinho', 'AttackingMidfielder', 32, 680000, 3, 68, 68, 68, 68, 68),
(1483, 160, 'Samet Yalçın', 'DefensiveMidfielder', 31, 640000, 3, 64, 64, 64, 64, 64),
(1484, 160, 'Show', 'DefensiveMidfielder', 26, 670000, 3, 67, 67, 67, 67, 67),
(1485, 160, 'Ümitcan Eksi', 'CentralMidfielder', 21, 550000, 3, 55, 55, 55, 55, 55),
(1486, 160, 'Ahmet Sağat', 'Striker', 29, 640000, 3, 64, 64, 64, 64, 64),
(1487, 160, 'Barış Alıcı', 'RightWinger', 28, 730000, 3, 73, 73, 73, 73, 73),
(1488, 160, 'Bedirhan Yıldız', 'Striker', 20, 520000, 3, 52, 52, 52, 52, 52),
(1489, 160, 'Bruno Petković', 'Striker', 30, 760000, 3, 76, 76, 76, 76, 76),
(1490, 160, 'Oğulcan Çağlayan', 'RightWinger', 29, 690000, 3, 69, 69, 69, 69, 69),
(1491, 160, 'Rigoberto Rivas', 'LeftWinger', 27, 690000, 3, 69, 69, 69, 69, 69),
(1492, 160, 'Ryan Mendes', 'RightWinger', 35, 720000, 3, 72, 72, 72, 72, 72),
(1493, 160, 'Toheeb Lawal', 'Striker', 19, 490000, 3, 49, 49, 49, 49, 49),
(1494, 170, 'Arda Akgül', 'Goalkeeper', 20, 480000, 3, 48, 48, 48, 48, 48),
(1495, 170, 'Atalay Gökçe', 'Goalkeeper', 22, 560000, 3, 56, 56, 56, 56, 56),
(1496, 170, 'Erhan Erentürk', 'Goalkeeper', 30, 610000, 3, 61, 61, 61, 61, 61),
(1497, 170, 'Gökhan Akkan', 'Goalkeeper', 30, 630000, 3, 63, 63, 63, 63, 63),
(1498, 170, 'Berat Sebat', 'CenterBack', 21, 520000, 3, 52, 52, 52, 52, 52),
(1499, 170, 'Dimitrios Goutas', 'CenterBack', 31, 700000, 3, 70, 70, 70, 70, 70),
(1500, 170, 'Emirhan Ünal', 'CenterBack', 20, 480000, 3, 48, 48, 48, 48, 48),
(1501, 170, 'Fıratcan Üzüm', 'LeftBack', 26, 670000, 3, 67, 67, 67, 67, 67),
(1502, 170, 'Matěj Hanousek', 'LeftBack', 32, 640000, 3, 64, 64, 64, 64, 64),
(1503, 170, 'Musa Şahindere', 'RightBack', 23, 600000, 3, 60, 60, 60, 60, 60),
(1504, 170, 'Thalisson Kelven', 'RightBack', 27, 670000, 3, 67, 67, 67, 67, 67),
(1505, 170, 'Žan Žužek', 'CenterBack', 28, 660000, 3, 66, 66, 66, 66, 66),
(1506, 170, 'Abdullah Yıldızer', 'CentralMidfielder', 20, 490000, 3, 49, 49, 49, 49, 49),
(1507, 170, 'Arda Temur', 'CentralMidfielder', 21, 530000, 3, 53, 53, 53, 53, 53),
(1508, 170, 'Arda Çelik', 'CentralMidfielder', 20, 490000, 3, 49, 49, 49, 49, 49),
(1509, 170, 'Ataberk Gök', 'CentralMidfielder', 25, 660000, 3, 66, 66, 66, 66, 66),
(1510, 170, 'Eralp Aydın', 'CentralMidfielder', 21, 530000, 3, 53, 53, 53, 53, 53),
(1511, 170, 'Mikail Okyar', 'AttackingMidfielder', 26, 640000, 3, 64, 64, 64, 64, 64),
(1512, 170, 'Moussa Kyabou', 'DefensiveMidfielder', 27, 660000, 3, 66, 66, 66, 66, 66),
(1513, 170, 'Arda Tuzcu', 'Striker', 23, 620000, 3, 62, 62, 62, 62, 62),
(1514, 170, 'Baran Basyigit', 'Striker', 22, 580000, 3, 58, 58, 58, 58, 58),
(1515, 170, 'Daniel Popa', 'Striker', 30, 660000, 3, 66, 66, 66, 66, 66),
(1516, 170, 'Elias Durmaz', 'LeftWinger', 25, 640000, 3, 64, 64, 64, 64, 64),
(1517, 170, 'Emirkan Demir', 'Striker', 22, 580000, 3, 58, 58, 58, 58, 58),
(1518, 170, 'Gökhan Altıparmak', 'RightWinger', 24, 650000, 3, 65, 65, 65, 65, 65),
(1519, 170, 'Joca', 'RightWinger', 29, 670000, 3, 67, 67, 67, 67, 67),
(1520, 170, 'Kağan Özkan', 'Striker', 21, 540000, 3, 54, 54, 54, 54, 54),
(1521, 170, 'Metehan Mimaroğlu', 'LeftWinger', 31, 650000, 3, 65, 65, 65, 65, 65),
(1522, 180, 'Doruk Paflak', 'Goalkeeper', 19, 450000, 3, 45, 45, 45, 45, 45),
(1523, 180, 'Emre Bilgin', 'Goalkeeper', 21, 580000, 3, 58, 58, 58, 58, 58),
(1524, 180, 'Furkan Akyüz', 'Goalkeeper', 19, 450000, 3, 45, 45, 45, 45, 45),
(1525, 180, 'Furkan Bekleviç', 'Goalkeeper', 26, 600000, 3, 60, 60, 60, 60, 60),
(1526, 180, 'Anıl Çınar', 'CenterBack', 22, 560000, 3, 56, 56, 56, 56, 56),
(1527, 180, 'Atakan Çankaya', 'CenterBack', 27, 640000, 3, 64, 64, 64, 64, 64),
(1528, 180, 'Berkay Dabanlı', 'CenterBack', 35, 570000, 3, 57, 57, 57, 57, 57),
(1529, 180, 'Emir Tintiş', 'LeftBack', 21, 520000, 3, 52, 52, 52, 52, 52),
(1530, 180, 'Emirhan Parmaksız', 'CenterBack', 20, 480000, 3, 48, 48, 48, 48, 48),
(1531, 180, 'Hakan Atabey', 'LeftBack', 19, 450000, 3, 45, 45, 45, 45, 45),
(1532, 180, 'Kerem Sirkeci', 'RightBack', 21, 520000, 3, 52, 52, 52, 52, 52),
(1533, 180, 'Muhammed Kadıoğlu', 'LeftBack', 20, 480000, 3, 48, 48, 48, 48, 48),
(1534, 180, 'Papy Djilobodji', 'CenterBack', 36, 550000, 3, 55, 55, 55, 55, 55),
(1535, 180, 'Salih Dursun', 'RightBack', 34, 600000, 3, 60, 60, 60, 60, 60),
(1536, 180, 'Talha Ülvan', 'RightBack', 24, 630000, 3, 63, 63, 63, 63, 63),
(1537, 180, 'Yiğit Demir', 'CenterBack', 18, 420000, 3, 42, 42, 42, 42, 42),
(1538, 180, 'Çağtay Kurukalıp', 'LeftBack', 23, 600000, 3, 60, 60, 60, 60, 60),
(1539, 180, 'Ömer Ersoy', 'CenterBack', 20, 480000, 3, 48, 48, 48, 48, 48),
(1540, 180, 'İrfan Köse', 'RightBack', 21, 520000, 3, 52, 52, 52, 52, 52),
(1541, 180, 'Adnan Uğur', 'DefensiveMidfielder', 24, 640000, 3, 64, 64, 64, 64, 64),
(1542, 180, 'Alper Demirol', 'CentralMidfielder', 22, 570000, 3, 57, 57, 57, 57, 57),
(1543, 180, 'Barış Kalaycı', 'CentralMidfielder', 19, 460000, 3, 46, 46, 46, 46, 46),
(1544, 180, 'Berkay Vardar', 'CentralMidfielder', 22, 570000, 3, 57, 57, 57, 57, 57),
(1545, 180, 'Daniel Johnson', 'CentralMidfielder', 32, 660000, 3, 66, 66, 66, 66, 66),
(1546, 180, 'Göktan Gürpüz', 'AttackingMidfielder', 22, 570000, 3, 57, 57, 57, 57, 57),
(1547, 180, 'Halil Cengiz', 'RightMidfielder', 19, 460000, 3, 46, 46, 46, 46, 46),
(1548, 180, 'Marius Doh', 'CentralMidfielder', 21, 530000, 3, 53, 53, 53, 53, 53),
(1549, 180, 'Muhammed Mert', 'CentralMidfielder', 30, 690000, 3, 69, 69, 69, 69, 69),
(1550, 180, 'Muhammet Arıkan', 'CentralMidfielder', 18, 430000, 3, 43, 43, 43, 43, 43),
(1551, 180, 'Taha Özgür', 'CentralMidfielder', 20, 490000, 3, 49, 49, 49, 49, 49),
(1552, 180, 'Tuğbey Akgün', 'AttackingMidfielder', 22, 570000, 3, 57, 57, 57, 57, 57),
(1553, 180, 'Ömer Gümüş', 'CentralMidfielder', 22, 570000, 3, 57, 57, 57, 57, 57),
(1554, 180, 'Ahmet Sivri', 'Striker', 26, 630000, 3, 63, 63, 63, 63, 63),
(1555, 180, 'Ahmet Tuğyan', 'Striker', 20, 500000, 3, 50, 50, 50, 50, 50),
(1556, 180, 'Andre Gray', 'Striker', 34, 680000, 3, 68, 68, 68, 68, 68),
(1557, 180, 'Arda Akgün', 'RightWinger', 18, 440000, 3, 44, 44, 44, 44, 44),
(1558, 180, 'Baran Demiroğlu', 'Striker', 20, 540000, 3, 54, 54, 54, 54, 54),
(1559, 180, 'Emirhan Delibaş', 'LeftWinger', 22, 580000, 3, 58, 58, 58, 58, 58),
(1560, 180, 'João Camacho', 'RightWinger', 31, 690000, 3, 69, 69, 69, 69, 69),
(1561, 180, 'Nikola Dovedan', 'Striker', 31, 680000, 3, 68, 68, 68, 68, 68),
(1562, 180, 'Serginho', 'LeftWinger', 30, 690000, 3, 69, 69, 69, 69, 69),
(1563, 180, 'Tiago Çukur', 'Striker', 22, 620000, 3, 62, 62, 62, 62, 62),
(1564, 180, 'Wesley', 'LeftWinger', 28, 660000, 3, 66, 66, 66, 66, 66);
